station_id,district,rows,rent_MAE,return_MAE,net_flow_MAE
ST-3388,마포구,720,7.5520531637983,6.849295598238556,5.240806181308396
ST-2045,강서구,720,4.232421092586594,4.1844918799688315,5.19201021861925
ST-2031,강서구,720,4.849853380395113,4.412898920428342,5.14618781410598
ST-891,송파구,720,4.455417771902278,4.282964686490874,5.0697681588515335
ST-3402,종로구,720,6.020158535798663,5.125223725961574,5.013444011486297
ST-3251,강서구,720,2.634549311259512,2.5271162849412923,4.255367319165028
ST-99,광진구,720,3.7709798208413865,4.2340951956172965,4.161357296220078
ST-1065,강동구,720,3.2980913693644367,3.1498466948938586,4.117060302718382
ST-1718,강서구,720,4.4582093632946505,3.494140199800409,4.11536435435537
ST-919,은평구,720,3.0741134952425857,2.7887290217546674,3.8995692060651077
ST-1681,노원구,720,3.365797294076958,3.524740615203984,3.8691092310416884
ST-3390,광진구,720,5.216092630531689,4.989993314863542,3.864822766212098
ST-2033,동작구,720,2.79388371050524,2.3835890952641265,3.850354013797218
ST-295,영등포구,720,3.1936493815436076,3.1890332791381533,3.7206710342955627
ST-426,마포구,720,3.377106146960615,3.7693218877741774,3.670368919676349
ST-3142,영등포구,720,2.6583518478359442,2.7371940485769857,3.597207920152409
ST-3311,관악구,720,2.728915702043471,2.949341013555741,3.5705102468082504
ST-3239,영등포구,720,3.102610542995228,2.550743708997071,3.535673066245863
ST-2011,양천구,720,2.5429929450324282,2.4714117566086427,3.479952114826719
ST-55,영등포구,720,2.533581326668583,2.539898990169015,3.4641086423089065
ST-702,양천구,720,2.7720785857870047,2.797874421038693,3.4084910412392597
ST-1731,도봉구,720,2.565051881280136,2.6290656002777175,3.335964367799363
ST-3391,송파구,720,3.900101968207285,3.795685840959743,3.287508854480347
ST-2815,구로구,720,2.489131241343282,2.5471454868782866,3.2392467587465936
ST-1720,도봉구,720,3.0604126613804845,3.1635339269481615,3.229910225734634
ST-2557,강서구,720,2.5523464147507577,2.354140255631839,3.22408066628051
ST-2050,동작구,720,2.4745367670240324,2.0884933569447797,3.219200490488796
ST-2017,양천구,720,2.7429678648316944,2.5064053424612576,3.2115181888792033
ST-18,마포구,720,2.4059582279593976,2.5990209127366297,3.1756876124312448
ST-1839,금천구,720,2.4120050478413053,2.431241557308638,3.1693962248464125
ST-3300,송파구,720,2.4176231191754414,2.398575801442045,3.164407261425044
ST-668,구로구,720,2.6570926709666547,2.6591316504381775,3.1527534763497607
ST-1730,도봉구,720,2.7339392259366724,2.579461662668402,3.1277475331056572
ST-1995,양천구,720,2.4145861132566777,2.521643700033739,3.1268458481078962
ST-493,마포구,720,2.5196784361608087,2.427019330284216,3.12002566290578
ST-1661,노원구,720,2.481917573372572,2.374755434263215,3.1199569433579435
ST-2571,송파구,720,2.5436764967879038,2.0120987035859725,3.1087978655027206
ST-413,마포구,720,2.7638481393569987,2.414426224281455,3.103947649487322
ST-2876,송파구,720,2.976995067805571,2.6534917873028565,3.1028314758363615
ST-1660,노원구,720,2.723065858191536,2.9932659150883953,3.0995309931655584
ST-547,송파구,720,2.6301070271390423,2.523453597535516,3.060569261915803
ST-3094,강서구,720,2.277913450015886,2.49324262979142,3.025507358341634
ST-1351,성북구,720,2.539258120343212,2.3120256396535828,3.023432673740376
ST-2905,마포구,720,2.8668281603803494,2.985318253915451,3.0226872975773853
ST-47,영등포구,720,2.3239495720531638,2.467208130287816,3.013592141504693
ST-1251,송파구,720,2.5086339211671356,2.3460452881353384,3.005825064126197
ST-73,영등포구,720,2.729667954432105,2.375593893663241,2.9873678246178788
ST-522,성동구,720,2.4523441931636403,2.4432365733515287,2.9869696470413536
ST-2007,동작구,720,2.3269305638235904,2.0826032851204754,2.9759572522106295
ST-1584,송파구,720,2.351086753409532,2.6328722534698867,2.942854755328255
ST-1195,강서구,720,2.5361579851485536,2.554724173986589,2.927509358040314
ST-446,종로구,720,2.3068752303821776,2.360082994560872,2.9250430040733875
ST-997,양천구,720,2.3397010475846836,2.2063503110828186,2.8996664558170777
ST-1996,구로구,720,2.369860825243106,2.1925436155086357,2.8991310342003116
ST-66,영등포구,720,2.2333031605422367,2.0185645363430385,2.8850489005978086
ST-3316,동대문구,720,2.0962919925607193,2.4940545392629687,2.8788765001988605
ST-664,동대문구,720,2.483024001753647,2.5217954617483183,2.8706317356328057
ST-2871,강서구,720,2.2522520069412852,2.2646580510288343,2.8668699968064413
ST-1938,금천구,720,2.2419956251311155,2.2958069572260595,2.8652900573170035
ST-3403,성동구,720,3.7737749464626815,3.703341957564042,2.8465361259490476
ST-2308,강남구,720,2.2978191799663166,2.3251480529579505,2.8454972833081196
ST-2264,서초구,720,1.9224315345473655,2.4495466072067287,2.835497500170044
ST-2037,동작구,720,2.4501434278259397,2.3002012622640415,2.824353728322462
ST-3163,양천구,720,2.4428943083124657,2.3856642061820263,2.8230079482435197
ST-2398,강남구,720,2.2202507066343244,2.0171226670748026,2.8092302330381718
ST-3214,영등포구,720,2.2361363504254994,2.556240003303485,2.797520793738781
ST-2013,동작구,720,2.156902115003821,1.9770388914396935,2.794187344923426
ST-1352,성북구,720,2.2458947107299445,1.8120752198867491,2.783538980088448
ST-1687,강동구,720,2.21055375528705,2.251137942811803,2.758880182670981
ST-1420,중랑구,720,2.2701089152977802,2.3107389925029493,2.752259289744618
ST-278,영등포구,720,2.2173112171225737,2.4363996822989016,2.737169942566783
ST-502,광진구,720,2.1044684725245713,1.9203407308010447,2.7300892346503316
ST-1249,강서구,720,2.0376117374678007,2.21392656240869,2.7275242940387647
ST-3315,영등포구,720,2.105807429002436,1.6940210820826895,2.7196108697647694
ST-105,마포구,720,2.4130259315186127,2.143051352829418,2.7167469036399217
ST-2961,양천구,720,1.4769341241373923,1.938717699973613,2.7042072369267465
ST-1063,강동구,720,2.154629261431445,2.141237410506485,2.7035459872378502
ST-2056,동작구,720,2.2079392432175147,1.9937108960254948,2.688428512835052
ST-243,영등포구,720,2.4859312464288923,2.2059315122428838,2.6805703275323336
ST-3401,종로구,720,2.2536692548135875,2.2969803650836416,2.6731244503807923
ST-3323,영등포구,720,2.1962962491607363,1.8812611583162846,2.6725173209327084
ST-2420,강남구,720,2.07305628813106,2.1795997797568356,2.6581513052460886
ST-840,용산구,720,2.0510253598442167,2.255210706401994,2.6569480632037665
ST-455,종로구,720,1.9600010720116012,2.342497066908102,2.653797882429436
ST-1083,강동구,720,1.9900588935071242,2.018523932170921,2.6534524407130435
ST-307,종로구,720,1.8053740025858493,1.9350621092061238,2.6522090377324554
ST-1910,구로구,720,2.0479493702048024,2.3612746425833246,2.651765882406454
ST-750,양천구,720,2.2146195191513036,2.281728696752695,2.6496081859887406
ST-2822,구로구,720,2.0945357212203044,2.1561149480639523,2.6402124239341735
ST-2177,용산구,720,2.1322657500142896,2.3078101748880773,2.6354334874998906
ST-1263,송파구,720,2.2345407559083896,2.24259387965696,2.63449561088803
ST-2574,송파구,720,1.801672794022745,1.5860722125068858,2.6318192245698286
ST-2749,강동구,720,2.067448146517439,2.10645919893108,2.631238002770686
ST-1645,강서구,720,1.97909160362632,1.8047032804658505,2.6286161440287725
ST-3389,강남구,720,3.5133411596081507,3.37377916627112,2.626079687870029
ST-749,양천구,720,2.180730955886398,2.4773792812082394,2.6256146234746196
ST-1064,강동구,720,2.279682205276351,2.109021074297282,2.621033037157349
ST-2761,양천구,720,2.0184002394034035,2.027676613111109,2.6054061047335737
ST-315,양천구,720,2.0103364524048213,2.2407315839154944,2.5984510029227894
ST-1990,영등포구,720,1.9738733918899038,2.1747297447979843,2.5974611240802403
ST-2740,강서구,720,1.960815014086652,2.037192872364825,2.5963249762562928
ST-1069,강서구,720,1.9340343937780855,1.974989435288995,2.5834032507559352
ST-1855,금천구,720,2.0269114008773204,2.1042823327712097,2.5827866880148562
ST-1474,중랑구,720,1.973219477824516,1.892912064472387,2.5620143508487314
ST-1510,강북구,720,2.1047118684968513,1.8475504045472269,2.56099360610759
ST-2888,강서구,720,2.1931648343559615,2.029768731665792,2.5568260094675592
ST-495,마포구,720,1.996452202469717,1.9499450723506098,2.553773399811596
ST-2396,강남구,720,1.8136590499012162,1.9064117346838692,2.5476693891344224
ST-2006,양천구,720,2.2447063594040606,2.177383414217946,2.542620602572184
ST-914,은평구,720,2.231345823875294,2.2330473644395363,2.5424949915472093
ST-59,영등포구,720,2.197146199523265,1.559039851812901,2.539423635311759
ST-683,동작구,720,1.9759673129827218,2.3308283215259156,2.537290504842077
ST-2005,양천구,720,2.0205732766258695,1.8502307426534834,2.5353568567342086
ST-1539,강북구,720,2.0565331005107885,1.8009628472492687,2.533971188109411
ST-205,영등포구,720,2.0366146633283893,2.2646825514194497,2.5311451325262704
ST-1002,강동구,720,1.914006308071782,1.9929173126639683,2.5306299187167514
ST-735,양천구,720,1.9723350969332305,1.992882902233001,2.5266818124243327
ST-2774,양천구,720,2.1513308456034497,1.609329569095494,2.526384132867777
ST-2991,송파구,720,1.8023905295725597,1.852596827624009,2.524226638173501
ST-376,성동구,720,3.14703866371553,3.153445024890564,2.5223177820523572
ST-2820,구로구,720,1.8612150127577933,1.997113787366394,2.521028104556396
ST-1964,구로구,720,2.072617121457899,1.9235637046034293,2.52095356335907
ST-2487,강서구,720,1.958568234963842,1.9956354786411823,2.5195109564325793
ST-292,영등포구,720,2.0593021573688643,2.139332033787326,2.5184945644907453
ST-492,강동구,720,1.8018640394667083,1.9948985047725911,2.5072430102439305
ST-974,은평구,720,1.8637405270513079,2.1372425444254954,2.504945838878477
ST-1017,강동구,720,2.1669378902825405,2.060291273304704,2.5025914005312804
ST-1440,중랑구,720,2.077289806104368,2.0242412464382897,2.4993962302146873
ST-1709,도봉구,720,2.2339433806976308,2.1954468220478565,2.4968227901583884
ST-503,강동구,720,1.994386940033679,1.983364448877296,2.48916329055471
ST-976,은평구,720,1.7592506685989062,1.925020658222239,2.4859065054665606
ST-1580,송파구,720,1.8455797628256998,1.806419111979583,2.4828729792760704
ST-2814,구로구,720,1.9563098077048406,1.8335723902760575,2.4821798627898413
ST-3235,영등포구,720,1.9317262156181616,1.7863476349687097,2.480959323055947
ST-87,마포구,720,2.4009949065623966,2.1357622174227773,2.4805831559736133
ST-2760,양천구,720,1.9636234412700888,1.9109955984975961,2.4800919790637406
ST-417,마포구,720,2.0508408540852154,1.8651513228785805,2.476593390646083
ST-1061,강동구,720,2.047037292628928,2.0270335135156183,2.4762106703662967
ST-1684,노원구,720,1.7607875406569895,1.7890160209943429,2.469184583084212
ST-2812,구로구,720,2.0447520888723654,2.137275155856109,2.4679422159325926
ST-1521,구로구,720,1.6739970752902138,1.7236273058874376,2.462853861530134
ST-53,영등포구,720,2.02195799658286,1.7961518321319716,2.4625448303417894
ST-2979,마포구,720,1.9879449481564504,2.133721996893869,2.462444374183051
ST-2865,광진구,720,1.9887302832416833,1.8162798980119612,2.459413974475504
ST-606,동대문구,720,1.7575933317602888,1.794890003252317,2.4550100233047725
ST-1041,강동구,720,1.8881864135962507,2.00079689583162,2.4491051486745707
ST-1046,강동구,720,1.9541784895309684,1.8450569417594864,2.4471623548785617
ST-1275,송파구,720,1.988891267363962,1.853954728099766,2.4461865063606973
ST-1357,성북구,720,1.9801283736646815,2.218774289309007,2.4444838109127613
ST-2844,양천구,720,1.8946866282860115,1.8024388605915318,2.4432682621415167
ST-1719,도봉구,720,2.418697228977091,2.2920289376421312,2.4380869430809473
ST-3104,서대문구,720,1.8928073232635285,1.8535096523179002,2.433348680433587
ST-2035,강서구,720,1.960154963977002,1.832376462447541,2.431468313443432
ST-2014,양천구,720,1.7214344915289905,1.8530167768774852,2.4277167319102464
ST-2501,서초구,720,1.9092137814554269,1.7816132521118893,2.4268927017708344
ST-422,마포구,720,1.8006413075779149,1.86528127726125,2.4258588885474444
ST-1118,강서구,720,1.865363788500063,1.8425185048204573,2.4238023101126185
ST-398,중구,720,1.83994894280958,1.9314135591873745,2.4187768436712824
ST-513,성동구,720,1.9844335663608028,2.000340516205744,2.4156849871246804
ST-2016,동작구,720,1.9493779169920162,1.800281527042106,2.4156342605848784
ST-2412,강서구,720,1.8298754382964357,1.4485680340188003,2.4127643494204896
ST-600,동대문구,720,1.9599883874864326,2.0834079761719093,2.4103358112174877
ST-1710,강서구,720,1.9543844087817783,1.4736843968437565,2.4088243881705482
ST-3288,노원구,720,1.9141126484361217,1.7913117075284322,2.408024762545003
ST-285,영등포구,720,1.8920478971475427,1.7771476156676846,2.4027261342866915
ST-289,영등포구,720,1.9836124989854316,1.928446364552539,2.3971642869629437
ST-1582,송파구,720,2.122692163253122,2.2307830365263035,2.3823390324032463
ST-2494,강서구,720,2.133716040675388,2.1724543336787163,2.3816059123126463
ST-2765,양천구,720,1.7875827283809522,1.7454427769861445,2.380029794333212
ST-1519,강북구,720,1.9525049184223837,1.8934275942110061,2.377406947077753
ST-462,은평구,720,1.8703478423342286,1.894730881231362,2.377203454402063
ST-1973,구로구,720,1.8410212002659894,1.759428704257366,2.3770891343528904
ST-894,송파구,720,1.8974013913489207,1.8050906262236237,2.37658819489064
ST-1689,노원구,720,2.055571596698504,1.9390705313005125,2.373106431203868
ST-2965,강서구,720,1.867618304113299,1.664786996849478,2.3707014897902323
ST-1699,영등포구,720,1.8712233187193186,1.5740877855909616,2.3641327850759617
ST-1121,강서구,720,1.9105538994983033,1.798473466820104,2.355540468893856
ST-3084,강서구,720,1.698296564904561,1.977105684021089,2.352367436305943
ST-2748,강동구,720,1.973572400267756,1.9379583915050158,2.3509409343896985
ST-445,중구,720,1.945062735023,1.6338978541404376,2.3473509540854405
ST-4,마포구,720,1.8555250038474718,1.8447339751641627,2.3427513728662315
ST-2023,강서구,720,1.8490638449638022,1.4427748293903244,2.3384135435860163
ST-2718,강서구,720,1.8964830864871942,1.9013345726230328,2.3379608038224737
ST-3204,영등포구,720,1.796771371850515,1.4437503458539582,2.335428090850583
ST-2168,마포구,720,1.8711923806916244,1.9034257885778232,2.3316387787407113
ST-3297,중구,720,2.021327856112156,1.8475657445584,2.3314315715420215
ST-294,영등포구,720,1.8531577502458503,1.813470884373359,2.330978197788158
ST-1409,송파구,720,1.8815682613485394,1.8573981810168103,2.33054186702384
ST-1866,금천구,720,1.915731766325385,2.0583009780624235,2.329976129868884
ST-604,노원구,720,1.6961334391826293,1.8577264554947432,2.324329898179407
ST-1005,양천구,720,1.8949134233748737,1.8493967806296123,2.3221722034336847
ST-2592,송파구,720,2.0734617475424866,2.3809031890251835,2.322077858605014
ST-3374,영등포구,720,1.819920773129259,1.6998260686000388,2.319373914252609
ST-2044,강서구,720,1.8154001199269922,1.4566422494625413,2.3163789276881612
ST-692,동작구,720,1.9026099671975998,1.89176300127396,2.307107853364594
ST-824,강서구,720,1.8668938719284585,1.738919349301077,2.3009704074925823
ST-1067,강동구,720,1.690970216174206,1.6893519987029397,2.2942711266039257
ST-2270,서초구,720,1.8746891583488283,1.7329420236652011,2.2889388543867826
ST-3368,도봉구,720,1.4741821816833647,1.8983958195938444,2.278829322720804
ST-1040,강동구,720,1.6225550472123103,1.4582435219738528,2.278242829118133
ST-2764,양천구,720,1.9166080873126352,1.73051825896879,2.2764481259223186
ST-830,용산구,720,1.8673169103641993,1.757751630070477,2.272563163672403
ST-3089,양천구,720,1.6311078800298027,1.7387042025551596,2.269979721665865
ST-8,마포구,720,2.0022779948204152,2.0416115507062558,2.2698417529937713
ST-1279,송파구,720,1.814732069893864,1.7798636124922493,2.2697074958428054
ST-2034,동작구,720,1.7774011497095399,1.5600576389209067,2.2687348133385457
ST-2797,송파구,720,1.9862505946842892,1.7684241826435216,2.265311951305468
ST-494,마포구,720,1.870994883655785,1.7151276683002186,2.2637792904121055
ST-2397,양천구,720,1.8669983516821087,1.5875521691347707,2.2557871182580738
ST-2608,송파구,720,1.94427771515252,1.8734407791222603,2.2553198961685483
ST-2613,송파구,720,1.8583622498707888,1.6967218574769516,2.2520777189806442
ST-2972,송파구,720,1.5675843122022883,1.472787397890683,2.2477880103224845
ST-1649,영등포구,720,1.6821941797340476,1.5343754773837193,2.2456253692988852
ST-1006,강동구,720,1.740306537813832,1.7239158867503612,2.241510838695532
ST-3258,동대문구,720,1.7621251015341783,1.8245099108434728,2.2348357128961402
ST-1878,송파구,720,1.6735228959219755,1.7204752989880923,2.2338934318571484
ST-1712,강서구,720,1.6814239437692096,1.2846077873399422,2.230418154837461
ST-311,양천구,720,1.891981380625602,1.9444754683323655,2.2295572111796407
ST-3070,송파구,720,1.6750610950018483,1.7635664978305094,2.227762118140583
ST-666,동대문구,720,1.72542881171444,1.852634194171525,2.2265525643437303
ST-1867,금천구,720,1.8778092427053759,1.7645124710911269,2.2264509065956792
ST-1186,강서구,720,1.6908638371906297,1.9243145128317616,2.225288019132548
ST-496,강동구,720,1.850229209318598,1.728477161481634,2.2248984331940966
ST-3304,양천구,720,1.7885482649547138,1.601809232485823,2.2241733843199136
ST-3371,강서구,720,1.7662369633755564,1.7228442059277989,2.221606518365632
ST-258,영등포구,720,1.76279997757328,1.664780991545755,2.2173990394219656
ST-1070,강동구,720,1.8479689693232688,1.907363745009991,2.213795315564826
ST-3226,강서구,720,1.7986464381616825,1.700322394531938,2.2125913889623616
ST-1291,송파구,720,1.8441931709493895,1.78400601577316,2.2124186850404435
ST-2395,양천구,720,1.777817012085261,1.7452338334756325,2.2091710160723252
ST-5,마포구,720,1.8214110459678077,1.8210167904381827,2.2077650178105634
ST-46,영등포구,720,2.1742495006778735,2.474294005725561,2.2036047470068962
ST-1495,양천구,720,1.6171502144096694,1.530516107759881,2.201600409489401
ST-1663,노원구,720,1.6412582657771717,1.6614828538323094,2.1992354356904875
ST-17,서대문구,720,1.8595172168456757,1.917739723731997,2.1945219145962267
ST-1254,강서구,720,1.703709071488726,1.7641297425331433,2.1929637666351
ST-873,구로구,720,1.6893110755169924,1.6849331839518864,2.1884888777035707
ST-514,성동구,720,1.8549877903924918,1.5559072088713581,2.1876134263423728
ST-611,노원구,720,1.870420715915208,1.879626284787566,2.18605137523217
ST-1125,노원구,720,1.7307055750692821,1.480958102862528,2.1844992666774674
ST-211,영등포구,720,1.5831772499821568,1.895185857926839,2.1823280572359502
ST-1496,양천구,720,1.811971731085075,1.7905629687721338,2.176990890226901
ST-112,성동구,720,1.8222102742323187,1.6694816320284844,2.175358260652463
ST-1132,강서구,720,1.7393870057142784,1.8897182311661191,2.175328500471999
ST-1851,금천구,720,1.9167510581919531,1.756828237162621,2.1748421314566153
ST-2039,양천구,720,1.8722199661355878,1.6965574231618668,2.1748350584168334
ST-831,강서구,720,1.7884252487075343,1.5980873555436486,2.1747640965136092
ST-3353,동대문구,720,1.5773394779347956,1.7638588310174532,2.1744218651751326
ST-3372,강동구,720,1.2956575868983822,1.6445117439680426,2.1723403978361118
ST-1062,강서구,720,1.714914345317097,1.7807573141106383,2.1704995322928706
ST-277,영등포구,720,1.798347322897171,1.9977543058930325,2.169338564896752
ST-1976,구로구,720,1.762027459987434,1.5760349849768194,2.1686232460127526
ST-834,용산구,720,1.7512780333690796,1.8609779935114779,2.164986609369965
ST-2040,동작구,720,1.728567057898828,1.8675965520032745,2.1617415754984424
ST-918,구로구,720,1.6805056673092285,1.8290150985057996,2.156262805666456
ST-516,광진구,720,1.841285674092868,1.8284614350390311,2.1549927831115543
ST-3044,성동구,720,1.4217530304377703,1.640390843951408,2.1512029217996522
ST-262,동대문구,720,1.6876688687011634,1.895345957927075,2.1510323289952327
ST-1015,강동구,720,1.8695555003410071,1.726664514108477,2.146188857332844
ST-2491,강서구,720,1.8733961690348253,1.8775382312989113,2.1432570592245015
ST-1334,성북구,720,1.7125098346683378,1.9433702702434354,2.139795922030773
ST-2732,강서구,720,1.6967413776305045,1.5697482632918294,2.138534762095126
ST-1111,강서구,720,1.746304449182877,1.7271501248370962,2.1379762450083972
ST-2314,강남구,720,1.900105074098681,1.880046466380384,2.134794352445477
ST-1194,광진구,720,1.7409281476266474,1.631929151256559,2.1345903255223173
ST-124,마포구,720,1.7316628232269753,1.2888210956584876,2.1344543340282263
ST-1253,송파구,720,1.8093623247600754,1.4830604996092345,2.1288463270463063
ST-1285,송파구,720,1.7802591048616951,1.8303093997305724,2.128048660115286
ST-2482,강서구,720,1.745981317902926,1.7117977084994755,2.1272786704809548
ST-2993,강서구,720,1.734867253266344,1.7382848334734917,2.125712971201214
ST-50,영등포구,720,1.6387763979580297,1.5680916214025507,2.125149298970579
ST-2960,양천구,720,1.6687790359703951,1.5785455389084178,2.1220886156636887
ST-1320,영등포구,720,1.767534071323401,1.6974998459634454,2.118786925653842
ST-892,송파구,720,1.7571281745982652,1.6225445590509493,2.1156762616274194
ST-3043,성동구,720,1.7530199502806492,1.7269542928767931,2.1151091351400315
ST-479,중구,720,1.6585310543877436,1.7897579565098731,2.1142758686642633
ST-2928,강동구,720,1.5865389366462137,1.7641096785804085,2.11163088510814
ST-541,송파구,720,1.6672581379166467,1.5736793459129965,2.110594023520052
ST-3105,서대문구,720,1.6249799859878775,1.8230290284661073,2.1100010432317413
ST-1350,양천구,720,1.465854651967748,1.5349248627746643,2.109804154583583
ST-281,영등포구,720,1.689885238678562,1.6596336841250234,2.1092382284073516
ST-1198,강서구,720,1.5975701296452873,1.7091547770413307,2.1085403087051136
ST-975,은평구,720,1.828818512080758,1.9019829121903626,2.10633280130553
ST-643,동대문구,720,1.5760360561848945,1.5567493383280233,2.104568048372672
ST-508,성동구,720,1.569849350520418,1.9007300988676512,2.1031936404051055
ST-2137,관악구,720,1.559799036837876,1.6438306124697173,2.102468127223066
ST-175,서대문구,720,1.7750714165061137,1.791774164250718,2.1021626096530293
ST-2087,노원구,720,1.665681483682215,1.5447893949746578,2.0946315225970022
ST-542,광진구,720,2.0761154615959048,2.0306998879314033,2.094618998318022
ST-2553,강서구,720,1.7004849697078361,1.6765243316400542,2.0934900148635136
ST-1455,중랑구,720,1.67082429769976,1.599058302247111,2.09333579233028
ST-2048,동작구,720,1.4098031945809604,1.5263410192800482,2.0887666929837327
ST-1701,영등포구,720,1.5499039395587138,1.5098820325462117,2.0877482885607384
ST-1864,금천구,720,1.7771220053894716,1.7120147890114177,2.086142597752061
ST-3330,영등포구,720,1.6568922054002586,1.740005190480582,2.0832235433692743
ST-198,서대문구,720,1.578545125846096,1.7519706793400132,2.081622007344781
ST-2807,구로구,720,1.7456284211747526,1.6325614054176036,2.0775936486283353
ST-1531,강북구,720,1.8127234413952313,1.770887373443432,2.076353263216342
ST-1323,영등포구,720,1.7852788049002937,1.6648592472617105,2.076335572269281
ST-2085,동작구,720,1.7058002384673048,1.7664406332180438,2.0757569852058895
ST-109,성동구,720,1.7917708477339183,1.7980580149544905,2.0724240183070917
ST-987,광진구,720,1.7694453641992745,1.56261926556684,2.071727459667124
ST-118,마포구,720,1.8192685163633575,1.6243129840563157,2.068862044517736
ST-3143,관악구,720,1.6852824191826183,1.683765988925577,2.0667598320744776
ST-2160,마포구,720,1.6752418456042057,1.6819418821419851,2.0657937843902303
ST-827,용산구,720,1.8682878588150844,1.7132643944378534,2.064625496869805
ST-2569,강서구,720,1.5994632839276604,1.4212013506962007,2.0637792634788523
ST-935,서초구,720,1.4547630546997203,1.6889737306087662,2.0630949856340113
ST-1994,구로구,720,1.583638183784223,1.5546494622664306,2.062040105457936
ST-512,성동구,720,1.7956478908591293,1.5925251384240173,2.0617417352559104
ST-903,은평구,720,1.6726834624912035,1.5633633466593664,2.056743120866459
ST-344,종로구,720,2.1851227431726956,2.0173820770533295,2.054283238158049
ST-255,영등포구,720,1.5509119941472613,1.6569260998172686,2.0529598427284714
ST-1514,강북구,720,1.5812981383453497,1.437533585512825,2.051540231468906
ST-550,성동구,720,1.7469393876114991,1.83774398819083,2.0510668852323817
ST-1650,노원구,720,1.7758795676241113,1.4757406460553382,2.0502759896774907
ST-497,마포구,720,1.6738569800048568,1.526815376813692,2.044175471894845
ST-2920,노원구,720,1.61998151768581,1.686007851199302,2.0425061200502452
ST-3212,영등포구,720,1.664570388779,1.591040939667096,2.042261263678692
ST-2943,강서구,720,1.5856726936246677,1.599602008250991,2.041821832035998
ST-1300,송파구,720,1.5687362007878929,1.678181282047414,2.041415468656392
ST-1517,강서구,720,1.695249859294842,1.4847197308996913,2.041185719011423
ST-1671,노원구,720,1.5556179260016163,1.6647117300840852,2.038857617743548
ST-546,광진구,720,1.6173321375444278,1.6023639017037674,2.037799156148447
ST-454,종로구,720,1.530471503088153,1.6103295483098954,2.036714925728205
ST-663,동대문구,720,1.7251753897670956,1.6990731034876159,2.033361656733297
ST-2156,관악구,720,1.834441885648168,1.4725105202800477,2.031085903338244
ST-1859,금천구,720,1.6348442707942044,1.6706505598780053,2.0302506745255466
ST-2419,강남구,720,1.5427761724452134,1.3669504257659142,2.028654648151007
ST-2020,동작구,720,1.7422826846357022,1.6505736067793726,2.0270404865759493
ST-342,종로구,720,1.5653388052423254,1.6627367965819828,2.0256214545323408
ST-2081,노원구,720,1.5891932237006563,1.3950807681926631,2.02262290411012
ST-483,중구,720,1.7094293929739186,1.777001388393521,2.02039622193629
ST-2321,강남구,720,1.7136902279688562,1.4806454568612628,2.0158629833597588
ST-1286,송파구,720,1.6381531288105662,1.6114751074670624,2.015794137477626
ST-1123,중랑구,720,1.5711280369566165,1.5434724777567936,2.014430213749174
ST-72,영등포구,720,1.7038407789877985,1.574672327839069,2.012576193679313
ST-397,종로구,720,1.5406340470612387,1.5739766264878723,2.0125716259048234
ST-442,중구,720,1.7601669484009066,2.0957001147865464,2.0122517139501515
ST-158,종로구,720,1.5052740481405709,1.4961897836833238,2.0117827175821117
ST-3238,영등포구,720,1.4988772268111086,1.6373372070448329,2.009369761011307
ST-2924,용산구,720,1.4467618862130656,1.530801888494128,2.0092915211023468
ST-1226,송파구,720,1.5815932949289382,1.5903386920105862,2.008006959433795
ST-2546,광진구,720,1.5295065109852914,1.5865121716126651,2.006372898455081
ST-1722,도봉구,720,1.5764946361857521,1.3941280027867362,2.002441880192416
ST-1807,종로구,720,1.6918687994104125,1.6535258974440148,1.9986478504159129
ST-3003,마포구,720,1.5743593897355053,1.5155825529892408,1.996012121279897
ST-2411,강남구,720,1.6914684437058,1.636063135526315,1.9951998430978108
ST-387,중구,720,1.514753212987914,1.6294633623023966,1.9936019760631933
ST-1611,노원구,720,1.690245841787418,1.6909723230278382,1.993532994042064
ST-553,광진구,720,1.4925380655465286,1.574727379524336,1.9931136304531871
ST-3162,송파구,720,1.6259756869016204,1.5384306954646234,1.9928378198355452
ST-369,동대문구,720,1.5290859820675868,1.6538497321763224,1.9870933209803674
ST-3397,영등포구,720,1.5350704484705504,1.2498152378197582,1.9845813598540079
ST-908,은평구,720,1.8936257890068686,1.3985986130462777,1.9835365247096033
ST-1332,성북구,720,1.58132176559369,1.4933157290574977,1.982763626333306
ST-2716,강서구,720,1.472623144774523,1.4060537977878076,1.980289398322829
ST-2024,동작구,720,1.610195898548001,1.5980638062183226,1.9792131578989045
ST-849,용산구,720,1.4995154319664528,1.6264178085298044,1.9777798602896297
ST-2029,강서구,720,1.4695619395733643,1.50104094127256,1.9760379436295188
ST-15,마포구,720,1.5366022798417747,1.5895578249171,1.9758058605302156
ST-486,종로구,720,1.4973232190039416,1.6266569263612434,1.9754215468311547
ST-1506,강북구,720,1.473100783035254,1.5200209648031113,1.9752850629361964
ST-2036,동작구,720,1.7020611119729059,1.5983178501880897,1.9699146468068003
ST-1968,영등포구,720,1.6287151578439802,1.4229249476987187,1.9693486680415955
ST-279,영등포구,720,1.8722527810738012,1.7473607868695145,1.9690476162199424
ST-1838,강동구,720,1.6425789323070086,1.6816584286178884,1.9685362649340552
ST-2489,강서구,720,1.6573026547869985,1.4971021916145995,1.9680623074533543
ST-1707,도봉구,720,1.694651326082828,1.6901692412061697,1.9665883908858453
ST-1081,강동구,720,1.5629555245704838,1.567028427725772,1.9638644747534677
ST-1688,노원구,720,1.5151872796637276,1.368495373032111,1.9636813423905237
ST-1862,금천구,720,1.6339446871373486,1.5478689142122837,1.9623839923667317
ST-2309,강남구,720,1.577215794860339,1.5935489766520554,1.9599285810340488
ST-341,종로구,720,1.6997699562382191,1.5218099385471273,1.9587893498876325
ST-1219,구로구,720,1.4942578110599556,1.4220708650196165,1.958027124729901
ST-1098,중랑구,720,1.3721422236129635,1.657374731567952,1.9555753695552835
ST-2796,송파구,720,1.6478560166865477,1.6418604198411861,1.9554866356891192
ST-2742,강서구,720,1.5139610544350584,1.5955819693344158,1.9552614296456396
ST-1326,성북구,720,1.8528541272500143,1.5683628039939468,1.9547339460203836
ST-1705,도봉구,720,1.698717974487522,1.791031725513575,1.9543948464979235
ST-253,영등포구,720,1.6173351590083522,1.5478485747052335,1.9523031954268042
ST-2049,강서구,720,1.6099625485630145,1.299294867204245,1.950936172493831
ST-2738,강동구,720,1.6151573108386095,1.6966830748484207,1.949016835878269
ST-1335,중랑구,720,1.5313959604833778,1.737898867884429,1.9480615882386758
ST-3129,서대문구,720,1.464597655696343,1.3503064183668065,1.9468644464011862
ST-2046,강서구,720,1.4839603028584751,1.3069465268878666,1.9467737985018283
ST-1793,송파구,720,1.7254413673306384,1.7663813749068313,1.9459783410454567
ST-2929,강동구,720,1.5907156366272233,1.4226630298234908,1.9454247509789022
ST-983,광진구,720,1.5965510479479792,1.639017896417147,1.943337384914162
ST-1715,도봉구,720,1.7028401729306277,1.4158349055741117,1.9432543009100707
ST-35,서대문구,720,1.4973680941352685,1.5387564683411519,1.94132294780582
ST-1698,영등포구,720,1.501065017288195,1.4063680602511346,1.940969791550423
ST-119,마포구,720,1.5738402712696626,1.5527313002163134,1.940721628291169
ST-60,영등포구,720,1.5377228379253274,1.1360934922767207,1.9400146911209235
ST-3079,강남구,720,1.6503374909914232,1.4265534000074689,1.9399893888832511
ST-2508,동대문구,720,1.6259251105437424,1.6107660470758725,1.9399570185480017
ST-1280,송파구,720,1.5103535426611343,1.4992568114588491,1.9395263471811834
ST-401,마포구,720,1.4965185629484081,1.5435156208192673,1.9386693068609366
ST-2892,구로구,720,1.4815148192753729,1.3729940542154486,1.9379881054030055
ST-121,마포구,720,1.629122527280183,1.5324227389264415,1.9371168910837386
ST-3417,종로구,720,1.7032958822701463,1.3506377434345918,1.937057642057348
ST-453,종로구,720,1.3594968372338427,1.5606528795912415,1.929337717817982
ST-1813,종로구,720,1.415149328779816,1.5468272682916793,1.9292125185183238
ST-1523,구로구,720,1.4548406905618574,1.3776218646033855,1.9270971033474067
ST-366,성동구,720,1.7536326450213813,1.7521745426843829,1.926602129827407
ST-2896,노원구,720,1.3989523708680505,1.4938938148926977,1.92344421994861
ST-534,성동구,720,1.4545415172400071,1.5054557126583799,1.9226531514039031
ST-361,종로구,720,1.490787959345371,1.528421944245937,1.9221529362265946
ST-421,마포구,720,1.5552082334248434,1.6057634188468926,1.9189037780309488
ST-1136,강서구,720,1.6146479523298836,1.6424631202964972,1.9173336976654727
ST-3376,강남구,720,1.3650235053832847,1.3425495612963734,1.9151064309160435
ST-385,종로구,720,1.8196011393828662,1.1754495413125796,1.9140967213485514
ST-3188,광진구,720,1.5449328513200546,1.4355656986332392,1.9127678144271225
ST-2059,동작구,720,1.4720187810668732,1.499936212016465,1.9116228421113606
ST-1353,성북구,720,1.6224462936345374,1.3365402683168015,1.9109405750653272
ST-579,성동구,720,1.5034151096899013,1.4599282553389217,1.9107325140363154
ST-539,광진구,720,1.492305045017528,1.3849814526720412,1.9107064239570566
ST-2464,구로구,720,1.5427285904704275,1.5871199149687236,1.9100960242335026
ST-2536,서초구,720,1.6928405304731302,1.649707050047358,1.9081345474780358
ST-1105,강서구,720,1.4904453173962142,1.596628980030682,1.9038361997842808
ST-70,영등포구,720,1.5890585652764142,1.5105766116478385,1.9030048499451795
ST-98,광진구,720,1.5559535152524717,1.5103563849228265,1.902837945153226
ST-3303,구로구,720,1.5583370550041524,1.3663545634863108,1.901899400688655
ST-2810,구로구,720,1.7564274189006777,1.2869990887333864,1.9015590790027477
ST-3392,동작구,720,1.5734491331777096,1.6179437112766029,1.9008922029236892
ST-274,동대문구,720,1.5118819112731388,1.4792346739894324,1.9000764473707676
ST-662,구로구,720,1.4204966829506243,1.3580354961880623,1.8986581248623964
ST-1370,성북구,720,1.4280576458577547,1.4989451232865745,1.8985811134510704
ST-2958,영등포구,720,1.6239168070054217,1.5756313068919086,1.8969965984807193
ST-675,구로구,720,1.445689903160294,1.3578669668650192,1.8963104476849395
ST-3017,마포구,720,1.5486475780273525,1.5662718860229523,1.8961754842258607
ST-176,서대문구,720,1.4690595098420192,1.630773171141208,1.893724619472097
ST-2596,송파구,720,1.4546569001016467,1.5153612820995037,1.8935934480123797
ST-271,영등포구,720,1.4799792128087768,1.5434443133676967,1.8933397332609414
ST-1018,강동구,720,1.68282326991763,1.5573526406019311,1.892539982245151
ST-3002,마포구,720,1.413051023616177,1.474108852240446,1.8891996278182221
ST-273,동대문구,720,1.6457682146952277,1.536369924342924,1.8891700247454641
ST-3422,종로구,720,1.5705907428150552,1.6133235459109982,1.8873406938882369
ST-1124,강서구,720,1.624085246197418,1.5591410567479806,1.8857014747687966
ST-2835,노원구,720,1.653941030739787,1.4723100401503009,1.885685393335816
ST-2477,강서구,720,1.4603222987733377,1.2133452111943754,1.8776382861996128
ST-52,영등포구,720,1.690854903311419,1.3964370754218423,1.8755438201817132
ST-1728,도봉구,720,1.4151231669048898,1.4016413710513451,1.875369530826191
ST-3194,구로구,720,1.370389372343569,1.2236634433773401,1.8721866760988777
ST-1443,용산구,720,1.4094485446680738,1.4451858334778043,1.8709988479350166
ST-1850,금천구,720,1.2850525478774615,1.51379490046479,1.8708469475534157
ST-748,양천구,720,1.516221420665514,1.7250875346619252,1.8705051743746774
ST-910,성북구,720,1.3967204727462699,1.4537985140759224,1.8703954654023027
ST-394,종로구,720,1.5643601133600913,1.4833783371615783,1.8636084196718807
ST-1639,노원구,720,1.4669583682415919,1.5385955531032869,1.8615800080285245
ST-528,강서구,720,1.4083949861266334,1.5060354623237906,1.8605510597836374
ST-2223,서초구,720,1.5945745955530033,1.4433978905799307,1.8589032941406427
ST-1099,중랑구,720,1.5116446986946497,1.3877575778380258,1.8570077860519072
ST-1780,중구,720,1.602194180923539,1.3441607193033849,1.8546373479648985
ST-724,양천구,720,1.4430793629206564,1.3742850862921512,1.8544266855490958
ST-1810,종로구,720,1.524658794160402,1.4121890716078103,1.8536817756190396
ST-62,영등포구,720,1.4798374733010056,1.4733310878279,1.8498422194471178
ST-906,은평구,720,1.4605266166524506,1.4445454121830468,1.849709578659905
ST-3324,강서구,720,1.588868589211607,1.693714277144714,1.8493953572272142
ST-3404,종로구,720,1.3786066027045558,1.321898814741736,1.849329727971998
ST-1586,송파구,720,1.713351434164171,1.6824672642106782,1.8487751476936818
ST-1753,구로구,720,1.3351621904945943,1.2461801752561197,1.8485605878493712
ST-1050,강동구,720,1.4964404156695053,1.063397403674285,1.848229478641388
ST-312,양천구,720,1.5539900883137068,1.5330450344708204,1.8471141330341854
ST-410,마포구,720,1.4605052607290452,1.5859241751636428,1.847022703907692
ST-259,영등포구,720,1.5895866293490315,1.4631803628212816,1.8460821014401814
ST-2945,강서구,720,1.3123064164828164,1.2486927161079924,1.8460713824731658
ST-1331,은평구,720,1.3535155292445793,1.458253814373437,1.8452900798656122
ST-3092,도봉구,720,1.476103213937607,1.563280520448275,1.8442996507507738
ST-2984,송파구,720,1.5113283636462203,1.3650519753541155,1.8425511823478973
ST-936,구로구,720,1.4464399602506866,1.3941939732690523,1.84225757777374
ST-1201,송파구,720,1.4440667743888154,1.5423728345591656,1.8421945697544126
ST-1375,성북구,720,1.4957987279677736,1.5032855930797486,1.8421361226801751
ST-2341,강남구,720,1.391796449119335,1.5460873864149363,1.8421261920171503
ST-2858,강서구,720,1.725983793758266,1.1325599973203058,1.8417292433603756
ST-882,관악구,720,1.491524985484154,1.3546767760627711,1.8417141071771554
ST-2791,노원구,720,1.485656661854932,1.6063384677942454,1.8416746449173629
ST-3359,영등포구,720,1.4243785069725245,1.440213501443754,1.84111741996639
ST-518,성동구,720,1.4163719101950678,1.2777006049770365,1.8407574555321597
ST-632,금천구,720,1.4640339238625772,1.307040764347369,1.8391352237085574
ST-280,영등포구,720,1.400389777012275,1.4996044348570357,1.8389246918269995
ST-377,광진구,720,1.4190971772836314,1.4399105827204908,1.8386253992821884
ST-384,중구,720,1.6090230925891897,1.5350904405715502,1.8377697209853814
ST-772,서초구,720,1.587255428187981,1.6710851151683221,1.8371327205740724
ST-2047,강서구,720,1.529768501242818,1.4542334794522973,1.837040601910311
ST-504,강동구,720,1.3765402222979466,1.4883174355541127,1.8348871102919146
ST-728,동작구,720,1.3822496918340532,1.3949529659597388,1.8280791405845507
ST-3260,강서구,720,1.2854482539689778,1.1317675176451483,1.8238735130118904
ST-994,은평구,720,1.419238447553932,1.2737188930184984,1.8235489857458531
ST-3012,광진구,720,1.3290922891554906,1.302249091710643,1.8233813138399397
ST-923,은평구,720,1.2690049247146222,1.5677764123485876,1.8209846767532853
ST-980,광진구,720,1.5428890993457862,1.6277835517404513,1.8169587636733073
ST-1202,성북구,720,1.451926730109991,1.421108871924228,1.8161622066546874
ST-2609,송파구,720,1.6438395156463281,1.6249967630987228,1.8139734067317195
ST-2012,동작구,720,1.4494472380424976,1.4083416492345424,1.8138967138386488
ST-204,영등포구,720,1.4515486085708025,1.6082401326201865,1.805561001026101
ST-3128,서대문구,720,1.3757178196826314,1.0250482315788012,1.8041137482906537
ST-699,동작구,720,1.3143853480115062,1.5501023720504423,1.8035717367899624
ST-488,마포구,720,1.2506954165051527,1.5054055248793932,1.8022072516007506
ST-25,서대문구,720,1.3946714597470344,1.3531432700568522,1.8015707633595623
ST-2816,구로구,720,1.272476883670335,1.3376212398575587,1.7997438984435241
ST-1268,송파구,720,1.4403313596781522,1.4544389359070633,1.7978157519519284
ST-3098,강동구,720,1.4409147685152066,1.575805373554183,1.797642230084126
ST-2330,강남구,720,1.5498034383228223,1.4826856424729562,1.796966399684507
ST-68,영등포구,720,1.3065073943051844,1.350770446766944,1.794311202667783
ST-3322,영등포구,720,1.379343496578259,1.339158057227428,1.7927558602582183
ST-1497,양천구,720,1.3470425570659803,1.3490626977737645,1.7922710081623698
ST-2057,동작구,720,1.238685645751501,1.3294483224228548,1.789320406962109
ST-310,중구,720,1.3239797597523464,1.413030619394917,1.788808941436987
ST-1997,양천구,720,1.509266294177609,1.4979216621413265,1.788316758044433
ST-3077,강남구,720,1.367912471921214,1.400802599000389,1.7873879204645815
ST-530,성동구,720,1.4105789084088678,1.3082404161468422,1.7869272087203667
ST-669,동대문구,720,1.4414580309152183,1.3538011199461968,1.7817679726741413
ST-1714,도봉구,720,1.4064527949873051,1.2841282521862967,1.780742092764543
ST-2320,강남구,720,1.6684848254749018,1.4409752288541435,1.7791712085958162
ST-678,동대문구,720,1.3327705577213427,1.3893130219558538,1.7788568154664313
ST-2331,강남구,720,1.3902925118870852,1.3411308697844466,1.7783754975502148
ST-3279,은평구,720,1.287572121406477,1.3451505223839153,1.776825313346636
ST-1469,중랑구,720,1.3391491258818242,1.3413957253026505,1.7762529794785173
ST-360,성동구,720,1.3341886890552135,1.4227842859787851,1.7730872453161746
ST-3326,성동구,720,1.5063149672372835,1.4262107605391163,1.7720047300129087
ST-3331,영등포구,720,1.4073713679391202,1.3767840893442627,1.7708713727369305
ST-1237,구로구,720,1.335578254729676,1.3030713522773372,1.768530124829026
ST-210,마포구,720,1.4308359339216619,1.4207364529037056,1.7676295598073142
ST-904,은평구,720,1.5769079385346436,1.5527915721397099,1.7675768913155887
ST-2601,송파구,720,1.4388456539149794,1.261725877767406,1.7651750655130147
ST-3168,중랑구,720,1.408294604194166,1.4893889282685877,1.764654829789332
ST-33,서대문구,720,1.4562630128961922,1.4664005480333104,1.762695135056612
ST-821,강남구,720,1.4795139370128283,1.5116553287144012,1.7619065236871623
ST-933,은평구,720,1.3791759261585539,1.4588237523985088,1.761580914362733
ST-1985,구로구,720,1.4400912207326289,1.1431317769313305,1.7605638438986273
ST-82,마포구,720,1.586520069309384,1.5744323705924377,1.758703855969587
ST-1435,중랑구,720,1.421729174094469,1.4468024520819616,1.758664950112201
ST-20,마포구,720,1.3862101566316338,1.373752849836097,1.757820041955508
ST-71,영등포구,720,1.3786612466704493,1.238232435170991,1.7520482800630368
ST-548,광진구,720,1.3760433404299601,1.3437461241610917,1.7518872974845288
ST-2325,강남구,720,1.5123321418327351,1.4251115822417417,1.7441908533171708
ST-177,서대문구,720,1.4157054003015586,1.2953885643916225,1.7415775044930877
ST-293,영등포구,720,1.2602278356458312,1.3551508199654627,1.741512471703626
ST-3116,서대문구,720,1.5266986181350088,1.549723208825043,1.7415004686452085
ST-388,종로구,720,1.3961165424820305,1.4418140732345985,1.7396082039580691
ST-1653,노원구,720,1.3366058206960312,1.3354974008146738,1.7374422257294235
ST-564,성동구,720,1.4075608341182608,1.4700455312552603,1.7352949347245534
ST-2538,서초구,720,1.479852945028195,1.4706038736263196,1.7350219886509175
ST-1522,구로구,720,1.2626352126785887,1.245351573359536,1.7347146236837636
ST-51,영등포구,720,1.6797441669627973,1.4965782530155693,1.7341822845627324
ST-972,광진구,720,1.434979479970892,1.4154803428389473,1.7324018242218373
ST-460,은평구,720,1.3480398510208103,1.451019093137178,1.7318234670817254
ST-2481,강서구,720,1.3693575673259633,1.31547570029085,1.7308938271892649
ST-1093,중랑구,720,1.3793580793629194,1.3598505294775785,1.7295627769389086
ST-67,영등포구,720,1.3354025036446142,1.3272008844894583,1.7287125378963257
ST-1736,도봉구,720,1.5206256548536812,1.6267835248232532,1.727876412973758
ST-3118,강서구,720,1.3790990331153543,1.4306067143643995,1.7274623286145006
ST-1109,강서구,720,1.3348106613440047,1.3072057610168788,1.727293916511577
ST-3160,영등포구,720,1.4429828175471024,1.4025326706151424,1.7270580312610735
ST-95,마포구,720,1.5682424085074087,1.5587761847434374,1.7249544593115265
ST-2167,관악구,720,1.2955545021514092,1.3117348641067679,1.7238042389071837
ST-1284,노원구,720,1.446673595530625,1.2822037760992813,1.7237779924335466
ST-818,용산구,720,1.357061113789696,1.4424279303584822,1.723645765817744
ST-32,마포구,720,1.2891625895472676,1.425038544549631,1.7234219208153867
ST-392,동대문구,720,1.2719369498506998,1.1720069151086308,1.7224565979452013
ST-1841,금천구,720,1.3278107098623966,1.4124157399145094,1.722377398112288
ST-839,용산구,720,1.2572584212187354,1.2833039733595695,1.7222874578286809
ST-3174,노원구,720,1.220780615715241,1.1974726175447592,1.721560984363517
ST-2642,송파구,720,1.2297744929228158,1.456643666402806,1.7213418222891455
ST-1626,강동구,720,1.3740361576519324,1.0306040431201182,1.721188946197132
ST-1529,강북구,720,1.2874553699187483,1.286548516001148,1.7210633200608214
ST-555,광진구,720,1.3726517288150804,1.3420498669211356,1.7203481998011496
ST-94,마포구,720,1.3008061346249415,1.4102432351306948,1.7194532806075455
ST-1836,금천구,720,1.2411308300619648,1.288959509579168,1.718501730529447
ST-753,동작구,720,1.3890174388417444,1.5113899356294134,1.716594484312113
ST-1729,도봉구,720,1.3982848660715368,1.3999801590518415,1.715725717297185
ST-3182,구로구,720,1.2471484466259788,1.2833954312598668,1.7129299419188777
ST-3086,서초구,720,1.5307866146196785,1.5788642745466366,1.7124638153416638
ST-3124,구로구,720,1.1597554853170755,1.0612236403250939,1.7103677437247777
ST-459,은평구,720,1.3812291487316353,1.2353307914119367,1.7094968681396117
ST-797,양천구,720,1.2994343579181906,1.16323531615667,1.7093287467985043
ST-86,마포구,720,1.3902696250622715,1.234386029078081,1.7088958550008688
ST-254,영등포구,720,1.286959579106552,1.4590032559962314,1.7085196118083699
ST-2089,동작구,720,1.3636459233489626,1.4309017037997394,1.7064000298662196
ST-1078,강동구,720,1.3760154164551963,1.361251101329085,1.7055271394098213
ST-3380,마포구,720,1.2645250168969397,1.482473252055444,1.7042399541436535
ST-203,영등포구,720,1.2014386487373692,1.4294018554256605,1.7020767330515831
ST-102,마포구,720,1.496798932429461,1.285316450794966,1.7004049276352062
ST-2771,양천구,720,1.340359508464482,1.5061656766667644,1.698444358553404
ST-1092,송파구,720,1.3582293063578361,1.176384465070799,1.696402774253017
ST-2886,강서구,720,1.2969279381413317,1.320172704593232,1.6961188493425832
ST-3400,광진구,720,1.4886126924999594,1.515724301133671,1.695677725766486
ST-1088,강동구,720,1.3929963085112658,1.357473660396424,1.6951629121177614
ST-185,마포구,720,1.3440316694818584,1.192629233755015,1.6941350610529324
ST-2058,동작구,720,1.317690440142155,1.1461514096181962,1.6935907735180835
ST-2318,강남구,720,1.5477879774096834,1.4549460450796963,1.6924831233335527
ST-1413,송파구,720,1.2155490660422636,1.330450928112317,1.6909017830038184
ST-523,성동구,720,1.5970007752535034,1.1727265328859666,1.6892163645150453
ST-287,영등포구,720,1.2725766357648711,1.2468958699308927,1.687987055794627
ST-2305,강남구,720,1.3851234026086157,1.2141130136225882,1.6871934099986623
ST-1150,강서구,720,1.2116904164513458,1.4477009175946989,1.6869625345083985
ST-535,성동구,720,1.2290187931196104,1.2593958984500162,1.6862097379375465
ST-1000,양천구,720,1.2077940751653558,1.3291591979954869,1.686025844417204
ST-1818,종로구,720,1.3890462326094788,1.3171943712828382,1.6856399912982245
ST-2310,강남구,720,1.567936831768687,1.474109219852126,1.6851017065452507
ST-2544,광진구,720,1.450076524184635,1.2095084551852922,1.6840567629631644
ST-2879,양천구,720,1.2479730982598025,1.2602895681702668,1.682975700701889
ST-435,중구,720,1.326905043998981,1.3369381546902972,1.682448995677935
ST-1228,송파구,720,1.3195046643923212,1.3093328528408723,1.681365182049673
ST-1029,강동구,720,1.0718628574940694,1.3725485632781553,1.681131530796162
ST-3416,종로구,720,1.3740566299253596,1.2833373899769793,1.6804280502901285
ST-2257,서초구,720,1.3064630209577963,1.5465884931428755,1.6759016737154087
ST-1629,동대문구,720,1.2342027257949657,1.194284512692895,1.675423413253229
ST-1047,강동구,720,1.2980862637824129,1.3387353152009884,1.6753190433097664
ST-3325,성동구,720,1.4579729314464285,1.5338802306403982,1.6749640337268807
ST-2465,구로구,720,1.3003911780307003,1.2698938756493363,1.6744074779186287
ST-1819,금천구,720,1.3384766704493425,1.2071528651135277,1.674208322528115
ST-660,금천구,720,1.3993230671101926,1.3859795678680262,1.6729410832834384
ST-463,은평구,720,1.238207129971875,1.3499068549251378,1.6726208474327058
ST-2422,강남구,720,1.4283166080085818,1.2772765911200292,1.6707287169516913
ST-1526,강북구,720,1.1654833706487933,1.3266042443504669,1.6704126002167776
ST-3061,영등포구,720,1.4032462563146697,1.3142504738253737,1.669799747511085
ST-350,서대문구,720,1.4326294590955215,1.4038208986349485,1.6689799164235422
ST-1239,송파구,720,1.29208887404428,1.1867295500523842,1.6687501899449588
ST-913,은평구,720,1.2277940044869942,1.2671001566090143,1.668499124329963
ST-505,광진구,720,1.3363208387114256,1.3079185239324675,1.6680312318353963
ST-2063,노원구,720,1.3513577919719282,1.177291591783922,1.6678637098041802
ST-2762,양천구,720,1.3343964649221256,1.1977845019520712,1.6672672758187566
ST-309,종로구,720,1.3483216220848722,1.316411230658261,1.6649033629543188
ST-596,중랑구,720,1.1665022399339526,1.3716148381877724,1.6627746781670463
ST-758,양천구,720,1.2277094440262797,1.3220753687240756,1.6617123741759514
ST-3026,도봉구,720,1.2250585701590198,1.3032169985722986,1.6609483640344453
ST-862,강북구,720,1.2982339810950216,1.3822421381621997,1.6599371723281502
ST-2823,구로구,720,1.2381918363120163,1.249803587100352,1.6595651222007886
ST-1097,중랑구,720,1.2720394628272669,1.2864870214262099,1.6583841509201003
ST-3354,종로구,720,1.1846266133623706,1.2438970829148228,1.65739514025784
ST-2702,강서구,720,1.224271906889303,1.3112215755694723,1.657170617115645
ST-2486,강서구,720,1.2931877375723286,1.3812859534928807,1.6566349341788114
ST-2902,노원구,720,1.2361429586359427,1.287699034968355,1.6566077665122967
ST-2564,영등포구,720,1.244296631640945,1.2347551173479914,1.6554268794429285
ST-2074,노원구,720,1.2629370724146158,1.2693659018561825,1.6545334020122475
ST-1646,노원구,720,1.3574874240077113,1.1548582289018536,1.6541645956810744
ST-3421,종로구,720,1.4264899267716862,1.3440939051045233,1.65349813657814
ST-2278,동대문구,720,1.2305135518689516,1.3901537198763276,1.6531658723255118
ST-2832,강서구,720,1.3468230613513417,1.175303349814194,1.6519949622330212
ST-736,양천구,720,1.430660972378397,1.3932190882824205,1.6509410767387023
ST-2594,송파구,720,1.510535020886489,1.4762379572045272,1.650773317057028
ST-2431,강남구,720,1.3486227001983089,1.2926766174166457,1.64975120524567
ST-2075,노원구,720,1.2615947209517817,1.386984879194877,1.6487099878178364
ST-1045,강동구,720,1.3567236847103035,1.1951859771276303,1.6475559223787448
ST-3351,광진구,720,1.1437518985719604,1.2285403820073073,1.6430506197365642
ST-2466,성동구,720,1.3703020719547712,1.3458684164606047,1.6414840282040097
ST-1837,강동구,720,1.2646621687761532,1.3828355651034667,1.6410721381988145
ST-1372,성북구,720,1.5046849242893876,1.442146870423049,1.6387070473927212
ST-838,용산구,720,1.3564227523619854,1.447003222317133,1.6380858776438376
ST-1727,도봉구,720,1.3440801207376532,1.406629780295209,1.6380682586488726
ST-1833,금천구,720,1.4380803074401212,1.2059439724156065,1.637618894304913
ST-850,용산구,720,1.2982912005862397,1.2069335588593542,1.6370645210339407
ST-375,성동구,720,1.3430398001436623,1.276987218716482,1.6360427136093614
ST-655,성북구,720,1.2775159004905363,1.3403324306041668,1.6349878138305303
ST-3334,동대문구,720,1.3508528271317977,1.342415735112932,1.6345089534386423
ST-875,구로구,720,1.1661847693624439,1.4045779946748171,1.634239763296746
ST-223,영등포구,720,1.2751078475523763,1.2172422621607402,1.634097816860383
ST-2079,동작구,720,1.300521061958853,1.1740450411352743,1.633413932534593
ST-1221,송파구,720,1.3074541127013528,1.3411803076151965,1.6331396909684297
ST-2283,서초구,720,1.2451179930019967,1.3577395071035385,1.6330778156695187
ST-1266,송파구,720,1.2862235808767741,1.3547932568157766,1.6329017447377545
ST-1220,송파구,720,1.2161037241963286,1.3660760011993895,1.6324533199556943
ST-2884,강서구,720,1.267227866144009,1.2067446231774384,1.6322780842762772
ST-1509,강북구,720,1.2712573344659839,1.2241074149363467,1.6315771232057736
ST-2450,용산구,720,1.3405108382890352,1.4951167876092566,1.628437267478032
ST-2213,서초구,720,1.3136013219663258,1.4206845598119144,1.6284098448232311
ST-3011,영등포구,720,1.3334051425337854,1.3564889264609337,1.6271599871136788
ST-2786,중구,720,1.1381325114274503,1.178118389509072,1.6268645143404121
ST-2591,송파구,720,1.4003574522945317,1.3759242178821747,1.6255689865157419
ST-3373,강동구,720,1.164411881038195,1.1621211359775294,1.6254951494778074
ST-3047,양천구,720,1.5032111067957863,1.196853441012413,1.6227006002327014
ST-603,노원구,720,1.344059857098815,1.3793380101613157,1.6223496863470719
ST-1349,성북구,720,1.2083008767475492,1.2853521073575125,1.6221843804713394
ST-920,구로구,720,1.074696515443315,1.3915796534232228,1.6218957479349523
ST-1197,강서구,720,1.5422400843428192,1.0720812441389436,1.6211415930268942
ST-400,마포구,720,1.2558144158337385,1.3696641140001744,1.6200640221564453
ST-2883,강서구,720,1.2346279707466548,1.3214553876074218,1.619835285700109
ST-1376,성북구,720,1.1666806298348786,1.324446509909894,1.6175193486820385
ST-3040,영등포구,720,1.340347956136297,1.194414491516658,1.6173729882943888
ST-2115,관악구,720,1.32058386231725,0.9812932472871914,1.616816270871698
ST-2555,강서구,720,1.2990450262143014,1.1599674850920332,1.6166913832259007
ST-1733,도봉구,720,1.3634901939263284,1.2751907090452677,1.6166255908598417
ST-2747,강동구,720,1.2277354880461755,1.2203847644275547,1.6163167207553355
ST-3172,도봉구,720,1.1930956576958875,1.2707260306678128,1.615883033459297
ST-1476,노원구,720,1.453729960246917,1.2966299939039767,1.6146029393415764
ST-2409,강남구,720,1.2399909486311622,1.2959951267745053,1.6145451790503274
ST-2630,송파구,720,1.1655773383267278,1.2058852488197414,1.6132572815804473
ST-364,종로구,720,1.2913428004971381,1.0867160721752018,1.613089031019055
ST-544,광진구,720,1.5669495785326306,1.4663505305498032,1.6113270096666734
ST-304,영등포구,720,1.287647675923698,1.2623260526087712,1.610148995224565
ST-1511,강서구,720,1.2835670318851902,1.229064012431545,1.6096842323938594
ST-2231,서초구,720,1.1581993386226572,1.1565073550486566,1.6084158665697843
ST-2833,송파구,720,1.3229464841401217,1.3232083077822656,1.608119484602822
ST-3015,노원구,720,1.4043061043851972,1.4015932014196926,1.6075678325055036
ST-2222,서초구,720,1.1868550293953142,1.3175996602221662,1.607324133068105
ST-1402,중랑구,720,1.2798147548167609,1.124660112731953,1.6072351149145434
ST-408,마포구,720,1.3084220642339246,1.2332520512786045,1.6050688047496275
ST-3333,동대문구,720,1.1699964021613123,1.283204223927883,1.6040958520177162
ST-2041,동작구,720,1.3174539234686884,1.2169198643212218,1.603694293861557
ST-431,중구,720,1.2331350463468294,1.2752775833708787,1.6036754399949749
ST-1625,노원구,720,1.082449353564474,1.1589232065194217,1.6025233307126077
ST-2067,동작구,720,1.1461696340528564,1.0297297212790908,1.6022929328819178
ST-3139,서대문구,720,1.2856467585285445,1.2500430558287101,1.6018983238998563
ST-232,영등포구,720,1.3087163212104196,1.3593079736232627,1.600895000556832
ST-391,중구,720,1.4288403159378646,1.0448474537180803,1.5999894255855625
ST-1574,강북구,720,1.3063648730785025,1.2647530975180565,1.599172855751569
ST-3361,서초구,720,1.22701507733272,1.226672500718617,1.5985818989087799
ST-181,마포구,720,1.272693494064143,1.2277554731171516,1.5976062196017775
ST-1726,도봉구,720,1.2303300129939174,1.2108085340917731,1.5971146199092525
ST-252,영등포구,720,1.4639108764798032,1.4886320861730113,1.5968620859368112
ST-3286,동대문구,720,1.226169775813068,1.2946693818606207,1.596123954929742
ST-286,영등포구,720,1.1973892624753066,1.3535436453490424,1.5957045715099383
ST-3341,영등포구,720,1.4456532676680525,1.278244439661143,1.5949747318545437
ST-2860,중랑구,720,1.1076659289617807,1.2358942618173359,1.592640046951476
ST-335,종로구,720,1.1350904376806261,1.2233304367174893,1.5915588580776354
ST-359,종로구,720,1.1729534183951371,1.1710140678304575,1.590369604709669
ST-2054,동작구,720,1.155990698364788,1.2469130595113844,1.5901678462123543
ST-482,성동구,720,1.2937083125467295,1.2189925472741368,1.5895517716242362
ST-3309,광진구,720,1.3324686593634245,1.3364608548356793,1.5891085804437053
ST-3113,서대문구,720,1.2022314754600865,1.1597461413856978,1.5889510488082692
ST-3259,강서구,720,1.0998426693989019,0.9936814899605669,1.5881830851014918
ST-1986,구로구,720,1.1215058613218472,1.1101968196176626,1.587063967518034
ST-2891,광진구,720,1.2944435681739765,1.2778726081876417,1.5869541867299397
ST-1842,금천구,720,1.3003408479728493,1.0766569996452444,1.5858362285460887
ST-2792,노원구,720,1.1548754872342015,1.1952562796416994,1.5857097338577202
ST-501,광진구,720,1.2232765413185567,1.2550430286539307,1.584445600658271
ST-63,영등포구,720,1.2494165603716465,1.2446204326311214,1.583692068101504
ST-2583,송파구,720,1.235795483387818,1.1393872987625075,1.582861654961668
ST-3265,성동구,720,1.2786892076752352,1.2220582333573635,1.5828122179921016
ST-481,은평구,720,1.213626169407988,1.258617393611541,1.5828059217532044
ST-1364,성북구,720,1.29562049500804,1.2838306049282417,1.5828045579357564
ST-676,동대문구,720,1.251088497851846,1.0405876114121577,1.5812431036886443
ST-382,중구,720,1.2608405810633856,1.2384892386975204,1.5805632781607897
ST-947,은평구,720,1.1865076425819816,1.2105927839455801,1.5784901294804883
ST-780,양천구,720,1.2092742638717637,1.2782751480930516,1.5777915361495196
ST-2326,강남구,720,1.269212172760439,1.2735779357571506,1.5774957726742678
ST-3085,강동구,720,1.1906022599786275,1.2062698668589753,1.5764843863549967
ST-640,동대문구,720,1.168987735156251,1.1385173614103283,1.5762651667550471
ST-665,동대문구,720,1.1821774600396497,1.0598342173491195,1.576161686329757
ST-130,마포구,720,1.1779169049231746,1.3093596611101619,1.575695274221312
ST-1656,노원구,720,1.236077205921942,1.1574721758328883,1.5756842196598273
ST-3165,동대문구,720,1.2911001987576782,1.23360445379289,1.5756239723663672
ST-237,동작구,720,1.1713850333757925,1.2707310824733797,1.5755521579115235
ST-1916,구로구,720,1.1961084699352185,1.2418278711875277,1.5733537760692482
ST-1341,용산구,720,1.1170470710128684,1.2526064991390269,1.572362095848223
ST-658,도봉구,720,1.250654812512261,1.2358199120204507,1.5718881142450296
ST-3340,광진구,720,1.2089172712294256,1.3168957745756755,1.5717912871601671
ST-1278,송파구,720,1.3622967263547705,1.3146407166738996,1.5716068752904009
ST-2068,동작구,720,1.1135899471609783,1.0101737017653551,1.5691653590948629
ST-3356,동대문구,720,1.2752068560391803,1.2335668400276976,1.5689114345488258
ST-2226,서초구,720,1.1955928975737349,1.1673161811830464,1.5676400665268542
ST-2974,마포구,720,1.3126544532797413,1.2612736672379776,1.5666799103252949
ST-2076,노원구,720,1.2529488862840814,1.291146096697183,1.5665621571728272
ST-3367,광진구,720,1.12491444072569,1.2149803429066888,1.5661529595833845
ST-3013,중구,720,1.2438532822644282,1.268792727473583,1.564721536475956
ST-362,종로구,720,1.1942144269033301,1.2084856557955717,1.564257813162008
ST-1627,노원구,720,1.183731281935346,1.1986691971391565,1.5634864878559986
ST-2636,중랑구,720,1.2710522099419879,1.229576720876735,1.562676843154782
ST-1879,강남구,720,1.171798515427881,1.183352022365508,1.562241480706489
ST-930,은평구,720,1.2060264891725625,1.1914547927168468,1.5621154872473417
ST-1191,강서구,720,1.2358659279329975,1.2687330486868251,1.5618775810153829
ST-485,중구,720,1.2258549807735304,1.2873410458798664,1.5618269920057435
ST-2975,마포구,720,1.1606716123258312,1.2354375792708332,1.5617775189196184
ST-2605,송파구,720,1.2675068602879525,1.0802936180807885,1.5582867882192721
ST-2789,강서구,720,1.3034790035789907,1.0741505619987097,1.5576739641331532
ST-1700,영등포구,720,1.2042747965927598,1.0993793088900778,1.5568458463547914
ST-1668,노원구,720,1.218062831835044,1.2489802122901514,1.5560753100074938
ST-2456,용산구,720,1.0867915776497103,1.2386796651502876,1.5557270851573028
ST-3121,서대문구,720,1.1389222374973813,1.205927642686752,1.5548843197324487
ST-2727,강서구,720,1.0638279002430537,1.2171818103117065,1.5546061477415893
ST-1451,중랑구,720,1.1828629024403114,1.1935177122563367,1.5545348877324212
ST-760,양천구,720,1.2309469586339081,1.3146108606902245,1.5544268127767225
ST-97,광진구,720,1.641898410424726,1.5686758616208234,1.553061422725214
ST-2312,강남구,720,1.3408842214520933,1.151616422339952,1.5522911844268328
ST-1333,성북구,720,1.1921445924905139,1.2405698047047553,1.5519625914333175
ST-2611,송파구,720,1.3139494328096044,1.1489509268991895,1.551325656035751
ST-257,광진구,720,1.278812858304642,1.3234800436486918,1.5506720433918588
ST-1152,강서구,720,1.0564043320711756,1.1730369276559849,1.5492947689934764
ST-610,동대문구,720,1.3222893244738672,1.3958407604873613,1.549160085582172
ST-761,서초구,720,1.191419365177247,1.1547272067206775,1.5463344423381777
ST-3408,종로구,720,1.1234166874439835,1.2122436614289975,1.546216806542427
ST-428,중구,720,1.231201268860862,1.2093834345044823,1.5450401369441427
ST-791,양천구,720,1.2599669440332446,1.350219952876094,1.5438935234903695
ST-1470,중랑구,720,1.0861961058758924,1.126777061924727,1.543556930700934
ST-2944,강서구,720,1.276055402105599,1.2578554823407162,1.54352862904827
ST-302,종로구,720,1.1408936455935017,1.1922401221991388,1.5420119139775161
ST-2083,동작구,720,1.2296729329244953,1.2860858250285812,1.5417025884758968
ST-842,성북구,720,1.2495373267262742,1.3097420785864562,1.5412182616339198
ST-3046,성북구,720,1.1667380450912594,1.2455594937427563,1.540632994086655
ST-2693,중구,720,1.2694611445362112,1.083459037821535,1.5405149036096712
ST-2903,노원구,720,1.3145925495622661,1.332760590483224,1.5401946612023847
ST-1977,구로구,720,1.170902789883943,1.0712735706403036,1.5395656138392262
ST-1874,송파구,720,1.2609281454396792,1.2119202809052125,1.5395157813653422
ST-21,마포구,720,1.374673073222389,1.3543410219340248,1.5391464592332422
ST-602,동대문구,720,1.2341037737363718,1.1507017402994877,1.539125972137525
ST-2773,양천구,720,1.1537831131482492,1.0533814363720617,1.5384608943515283
ST-251,영등포구,720,1.1244318065953072,1.0108885378010024,1.5380142329301452
ST-1779,중구,720,1.3102031860534749,1.3258371641748565,1.5375473728876123
ST-1999,구로구,720,1.2853901266573433,1.2740344167529287,1.5370685705963953
ST-349,종로구,720,1.2671337010388035,1.1892398773106758,1.5364211532927508
ST-2280,서초구,720,1.2168953051626015,1.1358672217466588,1.5356674379124997
ST-409,마포구,720,1.2904611460773607,1.3066603439316478,1.5352248366487957
ST-1095,중랑구,720,1.0661241219537483,1.20099298579323,1.5346989803945024
ST-2107,도봉구,720,1.2121378094247617,1.1594599651255921,1.5335758491155187
ST-1224,송파구,720,1.2288239132536203,1.1184514137140737,1.5335102975294197
ST-3042,성동구,720,1.2767309281438648,1.398273774058498,1.5320041784944407
ST-2706,강서구,720,1.3249190022978203,1.270585846525533,1.5319181635075112
ST-3177,도봉구,720,1.3932728715145741,1.3414702138805439,1.5306021066492213
ST-306,영등포구,720,1.2328992507113723,1.2383300711186247,1.5298391921798653
ST-1317,성북구,720,1.2134583807126536,1.2525738824856214,1.5272902169720077
ST-1142,금천구,720,1.1066161529345664,1.1315053457788775,1.5269718396975256
ST-126,마포구,720,1.2090478072389104,1.1752775821458796,1.5265761391325623
ST-2602,송파구,720,1.2453187197390987,1.2559960597997286,1.5262478582037033
ST-297,영등포구,720,1.2343057137470315,1.4023368129803193,1.5252050201464757
ST-3248,강동구,720,1.2832878546072999,1.157982160467746,1.5240472818386548
ST-1545,동작구,720,1.0835636183897712,1.364769825138829,1.5229592370254545
ST-2152,마포구,720,1.2081306456051402,1.1980871174253986,1.522290021212419
ST-418,마포구,720,1.2727544134410975,1.1240499912732758,1.5219667933520789
ST-2654,송파구,720,1.1887707930791784,1.0888468063159815,1.5218024927779488
ST-2342,강남구,720,1.2716302032035973,1.3015430887647015,1.5216923058276774
ST-2581,송파구,720,1.1971158781259776,1.2295169272837267,1.5208553817672998
ST-3008,마포구,720,1.0977919756453396,1.207693240159742,1.5205851461170716
ST-171,서대문구,720,1.1996650622877898,1.188532082657945,1.520066365373685
ST-3099,성동구,720,1.240196811461639,1.2065638673794825,1.5193985653736932
ST-2999,금천구,720,1.1972692876278404,1.071687774876573,1.516220185566948
ST-424,마포구,720,1.1501916198959807,1.1381188263304296,1.5157567371266254
ST-300,중구,720,1.1066328259879645,1.199605545957445,1.5157322110839304
ST-2292,중랑구,720,1.183088808987439,1.1828563131618377,1.5154689251332543
ST-771,양천구,720,1.053479088259095,1.0962744105284024,1.5154271422113732
ST-1812,금천구,720,1.1222616518949307,1.2382511414551807,1.5134957269193883
ST-2204,서대문구,720,1.1823781779935576,1.2278484996004986,1.5127375755977541
ST-10,마포구,720,1.1229550022933585,1.1440125465316677,1.512704972994129
ST-705,관악구,720,1.076335116321889,1.2111535301866374,1.512602864397337
ST-971,은평구,720,1.111261551041057,1.2212192824829662,1.5124029403748362
ST-1104,강북구,720,1.1034888152502451,1.2012783063932766,1.5122534961891814
ST-1302,성북구,720,1.3424818362165725,1.274343653850048,1.511591276747037
ST-1403,중랑구,720,1.2264149597218734,1.1460881898304012,1.5107097271556507
ST-3100,서대문구,720,1.3050495735364416,1.0275519817127958,1.5103439025819405
ST-2572,송파구,720,1.1859507240479485,1.106156932246442,1.509423229889632
ST-673,동대문구,720,1.2219055365014482,1.0927225220738674,1.5078140735974084
ST-2112,관악구,720,1.1089398207380068,1.2646647520970888,1.5075647651460404
ST-1397,마포구,720,1.074603001011745,1.0964750384638233,1.5065009755050571
ST-3276,강서구,720,1.0887420971509545,1.1389501217285412,1.506398572092534
ST-810,용산구,720,1.111149475172786,1.2145764210548062,1.5060599982306233
ST-2857,강서구,720,1.2599974852608349,1.3069247455139723,1.505218936732405
ST-3264,성북구,720,1.0778603514053713,1.1800691911557915,1.5040915316008332
ST-2157,마포구,720,1.1775696599148295,1.2764762400063379,1.5034986776772632
ST-3145,강서구,720,1.12369525188924,1.113442359864943,1.5028317291778548
ST-2125,강북구,720,1.1568400825042597,1.1526737431362155,1.501931342971813
ST-402,마포구,720,1.144224478936284,1.1709774207717702,1.500550684706801
ST-2332,강남구,720,1.276556966755673,1.157249241307827,1.499686169557722
ST-1854,금천구,720,1.3553725185489782,0.6561445194706428,1.4996048140520786
ST-1215,송파구,720,1.2265061123468903,1.161480599286552,1.4989388969865423
ST-420,마포구,720,1.1914192420976533,1.0309797279342519,1.4982926289152354
ST-3405,종로구,720,1.158765883202673,1.167110762234352,1.49808820470745
ST-3398,영등포구,720,1.1927801575770296,1.0354059541971858,1.497086096922088
ST-1218,송파구,720,1.115652230154671,1.2048859687992564,1.494182875542546
ST-336,중구,720,1.2403524331442937,1.2318351613265972,1.494016040080936
ST-2042,강서구,720,1.2437982882581573,1.181122086737945,1.49371088899723
ST-2080,동작구,720,1.0154869950612073,1.0749502584520676,1.4930262847139
ST-558,성동구,720,1.1344423225639118,1.205925448313278,1.492723681208828
ST-437,마포구,720,1.071924162783896,1.144956040665383,1.4915741855686713
ST-2846,중랑구,720,1.0643838273961381,1.0191983140003191,1.4906904186611007
ST-2541,서초구,720,1.4428343638700445,0.9974438985801591,1.4894064788733732
ST-214,영등포구,720,1.1649698024705897,1.1398812043128677,1.4887522802832176
ST-3396,금천구,720,1.183517967807063,1.0998265596743357,1.488717563607199
ST-461,종로구,720,1.3008456160899462,1.3822988514333154,1.4884464008643539
ST-339,종로구,720,1.3859733889735886,1.2898788836188833,1.4881440255067087
ST-3095,은평구,720,1.3319314212679638,1.3097809868782035,1.4874976251913417
ST-2692,양천구,720,1.1878266087139906,1.1848203877529748,1.486727359880312
ST-3425,종로구,384,1.2635710237801137,1.27841177699719,1.4856223784974485
ST-26,마포구,720,1.241356878654099,1.0533853733479472,1.4843059859464653
ST-2873,관악구,720,1.0527533640678621,1.1822344791646584,1.4840741407844464
ST-244,영등포구,720,1.0869233618878864,1.1967318274724836,1.4840003105160267
ST-1035,강동구,720,1.013259497846572,1.1731520870813712,1.483638105409367
ST-890,서초구,720,1.0960787603348956,1.158736437086491,1.4825932208178256
ST-6,마포구,720,1.3377055621609468,1.1353983092141955,1.481946059097029
ST-949,은평구,720,1.1620643881468717,1.2232741684317763,1.4815562458953946
ST-2714,노원구,720,1.2784245819149327,1.220245196796872,1.480944782661513
ST-3249,용산구,720,1.1664910153136219,1.2174905964709122,1.4798969191271036
ST-1151,강서구,720,1.1502061267080244,1.2534025322817408,1.4791213988552894
ST-64,영등포구,720,1.229935880944653,1.3603679170948058,1.4785050730331086
ST-1461,중랑구,720,1.096894257101422,1.0713677305613025,1.4774284336183048
ST-3329,강동구,720,1.1493959070087123,0.9030025709335586,1.4773404178192964
ST-519,성동구,720,1.259144413241731,1.226166189897972,1.4756459059094325
ST-2210,서초구,720,1.118562971016676,1.1245513325206387,1.473667460158569
ST-91,마포구,720,1.198601100546617,1.1762490423569703,1.4726941755041587
ST-1264,송파구,720,1.065408422915243,1.1705619613932605,1.4723169466652974
ST-2545,서초구,720,1.2669443869316375,1.1766070429123276,1.4721639285904429
ST-1338,성북구,720,1.3185539811465588,0.9033546190770014,1.4712829129510137
ST-829,용산구,720,1.1368250175975256,1.1875193244561355,1.4688976521978703
ST-950,은평구,720,1.192989549062691,1.1295546830190974,1.467478471388931
ST-2705,노원구,720,1.0335942480879698,1.134218569275561,1.4670636967415036
ST-2635,송파구,720,1.1393329429712586,1.187042389617241,1.4642564981995037
ST-1642,노원구,720,1.23017246813527,1.2060871039018168,1.4642087873819984
ST-1149,강서구,720,1.0090678038860714,0.8735572407611277,1.4639089689647717
ST-2184,관악구,720,1.2953237372250734,1.150971506453928,1.4635113992577367
ST-2851,관악구,720,1.032881314441872,1.0679161626261133,1.4629833820061175
ST-1677,노원구,720,1.1341359000506988,1.1518782527736025,1.462928088945184
ST-1857,금천구,720,1.3091802336255003,1.3178806475892697,1.4627917399560368
ST-2767,양천구,720,1.1009733481026835,1.1399842389440837,1.46265832174214
ST-1321,성북구,720,1.1449174637022526,1.0418659646823054,1.4621082390167939
ST-303,종로구,720,1.1852736316641772,1.1435615270796353,1.4620911401753725
ST-114,마포구,720,1.1535085119850348,1.2494821372843112,1.461213828770691
ST-2149,마포구,720,1.1568233047935093,0.9834753772282543,1.4610510809695922
ST-272,영등포구,720,1.1888949073940511,1.155649736951067,1.4601756419333258
ST-395,종로구,720,1.0734437735011253,1.1360819860257652,1.458556800716184
ST-1084,강동구,720,1.2039185886015193,1.0977516647827732,1.457776816435057
ST-1804,금천구,720,1.2928215229145972,1.1916029444465819,1.4573227302594907
ST-3130,서대문구,720,1.1061327062890296,1.0712003877856875,1.4557653245026847
ST-206,영등포구,720,1.0430223257881406,1.0711307151660832,1.453918878518346
ST-1305,성북구,720,1.150338061837127,1.1397232292936865,1.4534188914373776
ST-2825,구로구,720,1.0768950530338053,1.10067042750415,1.4517528231905414
ST-241,영등포구,720,1.296817549875288,1.1156204211451202,1.4506232956511194
ST-438,마포구,720,1.126980438011261,1.086578794048054,1.449598720442293
ST-525,성동구,720,1.1673156433487164,1.1648309001154922,1.4495647561619234
ST-3119,서대문구,720,1.062430746280321,1.184966639835649,1.4486962982312632
ST-614,동대문구,720,1.180165891472487,1.152546971509042,1.4486126266492685
ST-308,종로구,720,1.1812965414808139,0.9524561096175798,1.4471800869463614
ST-487,강동구,720,1.0852670701181137,1.147763853398901,1.4465836490295605
ST-1543,강북구,720,1.1304212560107358,1.2653213852974001,1.444391938211194
ST-2593,송파구,720,1.1499914319754347,1.0395409904583266,1.4437678490181258
ST-2490,강서구,720,1.2302165223803432,1.11189283663604,1.441973053273231
ST-1446,중랑구,720,1.0461029083360258,1.0977788633880463,1.4408019047591403
ST-3230,송파구,720,1.0572916540621442,1.2203050547327399,1.4402095730733344
ST-984,은평구,720,1.2008411665776701,1.2005758957284474,1.4400601833368374
ST-510,성동구,720,1.0715595106054594,1.0840664284559094,1.4398820765937896
ST-269,동대문구,720,1.1514852528264454,1.1635188629057316,1.4398070632203748
ST-2847,강남구,720,1.0634114058944006,1.0790911422120495,1.439016973190042
ST-85,마포구,720,1.3413779564861732,1.1513139466149656,1.4366427983286694
ST-3209,UNKNOWN,720,1.1186830231286597,1.140272079962066,1.4361524759245883
ST-3381,중구,720,1.1417188485901921,1.1531409621071573,1.4345525541603472
ST-619,금천구,720,1.0620013816403633,1.1344314766063415,1.432412822755901
ST-1872,송파구,720,1.0961539093883281,1.118039780851948,1.4307678714062446
ST-3225,구로구,720,1.1482680090498047,1.190452256414037,1.4302818127568344
ST-3101,서대문구,720,1.084663104372803,1.087030966753964,1.42961037682128
ST-3252,구로구,720,1.088159675397712,1.0657609813639826,1.429326950373574
ST-2504,서초구,720,1.177050706299311,1.161529098070998,1.4292198936470621
ST-2688,강남구,720,1.4634413698571378,1.5248653521406097,1.4288327574730737
ST-1602,노원구,720,0.9970010175186264,1.2662305220164294,1.4275220020063595
ST-927,은평구,720,1.0576080799986232,1.0773816967832344,1.4263459871954929
ST-2580,송파구,720,1.2686074829782357,1.2828022579370821,1.4262016427148299
ST-1972,영등포구,720,1.184302973013439,1.1167488330914483,1.4256789340262919
ST-714,양천구,720,1.1169867663847304,1.122588528469538,1.4229721584108657
ST-2843,광진구,720,1.1372610113929222,1.1855092400107383,1.4215808182301055
ST-877,동작구,720,1.1038820643185832,1.159280274579776,1.4215653122664498
ST-1296,송파구,720,1.0762676975406804,1.1117048074304112,1.419618283809952
ST-9,마포구,720,1.132136818764256,1.1850662857621357,1.4168851484845573
ST-1184,강서구,720,1.1233713198305202,1.121997902806441,1.4165692017693312
ST-3125,서대문구,720,1.1916605315630575,1.0824457848733837,1.4127527554999793
ST-1640,노원구,720,1.2150345299976577,1.1193200184459982,1.4117154678176038
ST-3195,구로구,720,1.047669389169435,1.0204291521759115,1.4104381306967755
ST-2507,동대문구,720,1.091983639740531,1.1353485243882002,1.4098329549350108
ST-1542,강북구,720,1.0651211391628672,1.1153778425815888,1.4094663945014625
ST-3357,노원구,720,1.0029023374354376,1.0414838875384766,1.4089193286957462
ST-2094,동작구,720,1.1931194819066224,1.0848659172843045,1.408907270699097
ST-1961,구로구,720,1.1057684598087647,1.1008075013923315,1.40865185712313
ST-93,은평구,720,1.1565461992676171,1.1117693445602281,1.408632052876347
ST-2994,강서구,720,1.125055337133504,1.106153060791185,1.407523897235668
ST-2922,중랑구,720,1.08719382600355,1.111321673310466,1.4069931560812141
ST-2406,강남구,720,1.0588008020809225,1.0052425496313917,1.4066108721532917
ST-823,용산구,720,1.1668612384540813,1.0975061560131738,1.4057109465468987
ST-2026,동작구,720,1.1941816409989188,0.9170994831548176,1.4050338622494345
ST-1606,노원구,720,1.1622138638269117,1.2101769940392948,1.4047965985726125
ST-2831,강서구,720,1.1758371411694086,1.0152763042513346,1.404532046321169
ST-2563,영등포구,720,0.9786512076926944,1.0542565766696559,1.4037988270569988
ST-132,종로구,720,1.3330209707925835,1.2792255487171866,1.4033911240839823
ST-3262,노원구,720,1.1322637783306675,1.1032175237073443,1.402209207014018
ST-1504,강북구,720,1.0887238106071933,0.9273521155036365,1.400950078922997
ST-3241,영등포구,720,1.035026953192485,0.9465504529609763,1.4007072250636605
ST-290,영등포구,720,1.0709813730256004,0.9377176783738285,1.4004821904618232
ST-1781,중구,720,1.1550629890553732,0.9855939034510747,1.4003450875288375
ST-2225,서초구,720,1.0810856029062952,1.1118492573423373,1.3998713590140004
ST-2565,종로구,720,1.163460095163882,1.1688141629014115,1.3992240030747587
ST-769,양천구,720,1.1605446044521182,1.2335317840476518,1.3980406205473301
ST-145,마포구,720,1.2259473504614078,1.0098776762552144,1.397610835622241
ST-2849,도봉구,720,1.1764477139681333,0.9691331278919906,1.3973433513644813
ST-2811,영등포구,720,1.150480089997488,1.1110642457896747,1.3970458556712964
ST-3029,금천구,720,1.1397062389615364,1.1353971979649982,1.3967193331523007
ST-2625,송파구,720,1.2063765307741814,1.1455360877042826,1.3961147587109004
ST-869,용산구,720,1.0741773551913876,1.0139217716521198,1.395250403095674
ST-3321,UNKNOWN,720,1.2391870923605366,1.2515969191342673,1.392282670383595
ST-2025,동작구,720,1.1662673315833154,1.1238725965139953,1.3911720899104394
ST-1692,노원구,720,1.2134480206007152,1.090493941312629,1.391103685090161
ST-159,서대문구,720,1.104366736714791,0.8954050641509842,1.3908859023366098
ST-136,중구,720,1.0617980628534163,1.101909873306132,1.3887423575830973
ST-1811,종로구,720,1.0398396303408026,1.150693865974481,1.3881437764273854
ST-379,중구,720,1.1095639358735463,1.058067897309441,1.387829215771928
ST-942,은평구,720,1.021815996489112,1.1373858995066504,1.3871884349677457
ST-580,성북구,720,1.1727741708863733,1.091063145953113,1.3869389004147736
ST-358,종로구,720,1.0125079664885717,1.057191023449028,1.3856470753138432
ST-1697,노원구,720,0.9629388928915174,1.0875279734288734,1.3848616649007879
ST-2729,강서구,720,1.182333958699201,1.143284790688912,1.3845401332098541
ST-1672,노원구,720,1.3075346643901986,1.111713015978483,1.3838941049995848
ST-1089,강동구,720,0.9728617613682862,1.0125873414066944,1.3833329067496372
ST-3240,강남구,720,1.2669194384312283,1.2328702268748666,1.3832968268197998
ST-2027,동작구,720,0.9420392134393344,1.0414977869312458,1.3831094089559821
ST-2623,송파구,720,1.1623104015759078,1.1652603780944477,1.382526419860981
ST-2914,노원구,720,1.0944490757256482,1.0758731230567742,1.3817949562537906
ST-390,중구,720,1.0756389293840518,1.049926456563278,1.3813946141925237
ST-107,마포구,720,1.2383210637630042,1.2858191846874254,1.3795089329288808
ST-3342,중구,720,1.1474468018664141,1.0555627849702216,1.37935324048143
ST-1503,강북구,720,1.1986930864319922,1.095148455945258,1.3790926143636426
ST-2269,서초구,720,1.1640794422827039,1.0024061452667041,1.3787507039177607
ST-1086,강동구,720,1.1956317665033527,1.173651744238948,1.3786326624822205
ST-2350,강남구,720,1.0862832719130346,1.1400153137717866,1.3772297093161932
ST-1880,강남구,720,1.030374944203639,1.10174490409589,1.3762584318302136
ST-2542,서초구,720,1.3472137098341046,1.1440622942480236,1.3753400972420855
ST-815,용산구,720,1.1506210439519522,1.148954979224297,1.3745709656096567
ST-2451,용산구,720,1.1181917862215631,1.0297123782715771,1.374269343527909
ST-1974,구로구,720,1.085473292285593,1.0568919731029702,1.3741451687780446
ST-2531,서초구,720,1.0713101173002135,1.1463526138573263,1.3730268988381207
ST-3256,노원구,720,1.0770212408520683,1.0531176568601448,1.3727055280726397
ST-2537,서초구,720,1.014810664941715,1.0161733348763333,1.3721372654529234
ST-2496,동대문구,720,1.090045371918016,1.1118348732898407,1.371597982945994
ST-2887,강서구,720,0.9815914075429104,0.9778381656056939,1.370451938541526
ST-3179,강남구,720,1.0042756629267922,1.043194116443618,1.3704383606583768
ST-1577,강남구,720,1.1702173730855199,1.1243843279987515,1.370437977818614
ST-733,양천구,720,1.1086064077009825,1.0100770715007874,1.3700684150416427
ST-2272,서초구,720,1.1048253435935946,0.9789731384054052,1.369758428634023
ST-3328,동대문구,720,1.0197040836734745,1.0280362691596854,1.3696423662962225
ST-2299,서초구,720,1.0443317420476617,1.0931666245088965,1.3695578574950955
ST-2404,강남구,720,1.0014762255401704,0.8506057468217241,1.3689813285351637
ST-2854,강동구,720,1.0024735336643078,1.0715236414672176,1.36844503241206
ST-2932,금천구,720,0.9889697772463867,1.0772335396775343,1.3679815959860577
ST-90,마포구,720,1.0782328448651075,1.076725908252283,1.3679076477536098
ST-1845,금천구,720,1.2671899647252476,0.8004518665380115,1.3673332895663681
ST-2492,강서구,720,1.2948617417025376,1.3367161088344213,1.3664597037108988
ST-212,영등포구,720,1.1259625284349546,1.1055606216771174,1.3663743635499805
ST-700,양천구,720,1.044182070006035,1.0044479389004242,1.366223230685249
ST-2790,강서구,720,0.9468683891771317,0.8485582778430697,1.3659831029843748
ST-1236,구로구,720,1.1257989284064884,0.961534937853495,1.3659022472867337
ST-1400,양천구,720,1.0672646189283155,0.9140285433996821,1.365110991788459
ST-1273,구로구,720,1.0455058836074473,0.9449225704383934,1.3649586737543087
ST-563,성동구,720,1.028819325970332,1.0502427900249378,1.3649182628084482
ST-3366,강동구,720,0.9032129421898014,0.9987178665072087,1.3647015666028113
ST-1835,금천구,720,1.0947431479913674,1.0503645485611077,1.3644601652580428
ST-1408,중랑구,720,1.0597359392247727,1.0857011000805288,1.3641972142721612
ST-2878,송파구,720,1.064271967255234,1.1945550570306915,1.3633352005637214
ST-1361,성북구,720,1.038336978703835,1.0361951813332244,1.3630976788146056
ST-2819,구로구,720,1.074472310576613,0.9765805558879627,1.3623175684043352
ST-2719,강서구,720,1.0771000311440737,1.1480018542762678,1.361684320816722
ST-1419,송파구,720,1.2572880570151546,1.0100786541388247,1.3602001922999523
ST-161,서대문구,720,1.056042873885967,1.023961485539067,1.3592909822275026
ST-1499,양천구,720,1.085886902373714,1.012999769705114,1.3588019190823606
ST-637,동대문구,720,1.0751051596130274,1.1184747453727115,1.358049884919777
ST-2543,광진구,720,1.054502345497686,1.0487192096813593,1.3580009303346463
ST-1344,성북구,720,1.1985061023674954,1.1823580210188493,1.3577590761134057
ST-2711,강서구,720,1.159913518846988,1.1264488340019856,1.3570921295325125
ST-3031,강서구,720,0.9643472483093395,0.7522366517089684,1.3562951896632744
ST-857,용산구,720,1.020651226656807,1.0980894552004468,1.356000936670353
ST-1181,강서구,720,0.9893966393387199,1.0532629086852654,1.3559179679705333
ST-1007,강동구,720,1.0150771302132995,1.039348846577922,1.3546824576589362
ST-1897,강남구,720,1.0857881791156019,1.073243396951501,1.354571193300451
ST-231,영등포구,720,1.0787637795113514,1.0873330096934646,1.3542187056388924
ST-2668,서초구,720,1.034114715430329,1.0994732039291575,1.351857010806615
ST-2216,서대문구,720,1.0925165996656747,0.9693379891888066,1.3517493755566325
ST-371,중구,720,1.1872415405060819,1.1217593372769477,1.3508345233812618
ST-899,송파구,720,0.910780818610026,0.9702334460487301,1.3505345507238178
ST-1637,노원구,720,1.0574804137485798,1.1106395829066176,1.3501665481170293
ST-538,강서구,720,0.9782533653205874,0.8992843219938488,1.3498488280811005
ST-2599,송파구,720,1.114850754083086,1.1328189771442851,1.3496912235236087
ST-2559,구로구,720,1.056537436514398,0.9965756430340227,1.3496802885916215
ST-3068,강서구,720,1.075304445075529,0.9397241152257226,1.349650656823902
ST-915,은평구,720,1.0210325357798598,1.049817400547671,1.3489955647902911
ST-256,영등포구,720,1.030822114500717,1.0865423277381379,1.3484173422712011
ST-147,마포구,720,1.0861018272036749,1.0488347853819593,1.34815149183308
ST-3120,서대문구,720,1.178198691633921,1.0047856711681291,1.3469082459461932
ST-2700,노원구,720,1.102090101617467,1.1390389953908744,1.3466692371146944
ST-2713,강서구,720,0.949046829147732,1.1514312281657526,1.3463486048292084
ST-1168,강서구,720,1.1191717507998302,1.3304615381391327,1.3462102078593086
ST-992,은평구,720,1.0271336178966142,1.2328832037101558,1.3457239643442667
ST-2533,서초구,720,1.0249893510175334,1.0211822815570897,1.3451632195781202
ST-622,동대문구,720,0.9788883579207581,0.8066367553684074,1.3451101271157277
ST-2353,강남구,720,1.0124600510897612,1.1091476339034294,1.345018779739929
ST-2206,서초구,720,1.0618506759238426,1.0589754680501147,1.344342947984054
ST-1754,도봉구,720,1.0827096295414453,1.080700190043665,1.3440100216965445
ST-905,은평구,720,1.13234519546067,1.1532230297218282,1.3436610830787041
ST-465,종로구,720,1.056389524575196,1.0692903198415284,1.343100151671802
ST-3215,영등포구,720,0.8342077123772446,1.0722990733737703,1.3429189680461553
ST-265,영등포구,720,1.019846665120948,1.156867887284819,1.3427895892596737
ST-742,양천구,720,1.0451397678029215,1.0409755282730135,1.342250515296529
ST-3051,서대문구,720,1.0651906831364595,1.0896246464077557,1.3419176771496626
ST-3287,노원구,720,1.0189341679914827,1.003540457500689,1.3414058350141165
ST-847,중랑구,720,0.9939543224980925,1.0599415864146695,1.3410198672425664
ST-83,마포구,720,0.9959936447909895,1.1071452217407467,1.340665081317374
ST-1840,금천구,720,0.9937521175512043,0.9986153747314743,1.3396413650786247
ST-3148,송파구,720,1.1130575716316586,1.142959763886154,1.338263533311577
ST-1337,성북구,720,0.9836207206408136,1.0037640423996022,1.3379219515860012
ST-2294,서초구,720,0.9501364343386848,1.0902971832911852,1.337692344970926
ST-143,마포구,720,0.9964544316002935,1.0492211678242944,1.3368987372190055
ST-2375,강남구,720,1.050113437755412,0.9283694576978713,1.3356107979771517
ST-1647,강서구,720,1.060115244176424,0.8991588566664928,1.3350476987956585
ST-1963,구로구,720,1.0530531090687985,0.8751892780744333,1.3347315045290087
ST-1555,서초구,720,1.0670207666141251,1.0743123269557686,1.3346657052603899
ST-1609,종로구,720,1.0704026446574761,1.1236239493866604,1.3341628299450266
ST-615,동대문구,720,1.0741338436914278,1.0372779699947328,1.3333659042140937
ST-1590,송파구,720,1.237593613009082,1.2733386047374846,1.333107831555924
ST-2753,구로구,720,0.8750475022552859,1.0408062127533484,1.3327930773809635
ST-3210,중구,720,0.9649820826678128,1.078504179465293,1.3326545522195294
ST-866,용산구,720,1.0616358295599264,1.1125426666929346,1.332585769543073
ST-2967,도봉구,720,1.1818406730231203,1.1381619369644618,1.330966239519824
ST-2606,송파구,720,1.2003925469243633,1.1641630789293214,1.3307868362569828
ST-3087,강동구,720,1.0856694980554356,1.0912269702787178,1.330648638768654
ST-1473,중랑구,720,1.2717185140322385,1.233015509316046,1.330107118634854
ST-111,마포구,720,1.1377552174910504,1.0556290138547144,1.329857243222451
ST-2715,강서구,720,1.0902161783479571,1.1187472743984384,1.328976776417167
ST-2895,금천구,720,0.997155837817713,0.9589485842762675,1.3281634944189518
ST-2205,서초구,720,1.0524802784278677,0.9626228037921006,1.327139582884203
ST-2077,동작구,720,1.1681592341327722,1.1621080168200768,1.3270539876703031
ST-1860,송파구,720,1.0311276139638728,0.9924463249005828,1.326493093916646
ST-1915,서초구,720,1.0425403796410644,1.060325361183677,1.3262755630514929
ST-1900,서초구,720,0.995755977075999,1.0845012534371035,1.3257668035330608
ST-195,서대문구,720,1.0913223926654647,1.117174029727513,1.3255568689284347
ST-3049,강남구,720,1.1034375629185824,1.0020689510473875,1.3238214404809565
ST-2003,동작구,720,1.037381544303567,0.9833699206820481,1.3225443504008585
ST-799,강남구,720,1.069280113162041,1.1527154179699315,1.3223795236427605
ST-2425,강남구,720,0.9855235750140551,0.9062545528630322,1.321011696960316
ST-1757,도봉구,720,1.0327393012746506,0.9546146364757399,1.320930512174234
ST-282,영등포구,720,1.016427803547553,0.9562731835752599,1.32082921922688
ST-3355,마포구,720,1.1041908444124147,1.2240856833874565,1.3189725399329026
ST-1508,강서구,720,1.0083703376896445,0.9737026502068906,1.3172147921689392
ST-2070,동작구,720,1.214193768066147,0.9726244997838219,1.3143948048923295
ST-1014,양천구,720,0.9505149194729601,0.9643816054658174,1.3143519146299358
ST-249,영등포구,720,1.031691077972007,1.01477066730841,1.3140220859262288
ST-2129,관악구,720,1.0465597933201676,1.1293932570188465,1.3136425858367133
ST-2427,강남구,720,0.9360694463598557,1.0314691643937843,1.3130692374629085
ST-574,광진구,720,0.991609295948914,0.9974324734192308,1.3126652602495719
ST-883,관악구,720,1.0610868662479156,0.9299012418754505,1.312362710588188
ST-1185,강서구,720,1.033446705851733,0.9938905713380636,1.3121105966003672
ST-578,성동구,720,0.9325276638593926,1.0564570333487417,1.3117141936909356
ST-1166,강서구,720,1.1312198465269165,1.1973482016482226,1.3112076724549266
ST-1079,강동구,720,1.1563746070360785,1.0382054885880316,1.3108418438160325
ST-2817,구로구,720,1.0513006278985275,1.0654440393519335,1.310318751525255
ST-1829,금천구,720,1.097802371659933,1.0230083020169687,1.3094894245475095
ST-2240,용산구,720,1.3956580130410274,1.4263751108733247,1.3090036074743348
ST-2754,노원구,720,1.0247743988091693,1.0482840455800928,1.3088216019137986
ST-506,성동구,720,1.1660585689262357,1.1246409427235327,1.308504088423065
ST-712,양천구,720,0.9629627455950427,0.9928942900111299,1.308499569710177
ST-2110,관악구,720,1.0167088968378482,0.9523956862484058,1.3078372520369446
ST-1103,강서구,720,1.047509958203764,1.0898332525368346,1.3068352914895176
ST-912,은평구,720,1.0198594289538716,1.0410749757072244,1.306631114357868
ST-2513,종로구,720,1.0884295219307885,1.0433195353072426,1.3056895163275508
ST-946,은평구,720,0.9705811463752552,1.0638050983481797,1.3043272311699483
ST-227,영등포구,720,1.004278234631028,0.9341110221006681,1.3042544778716147
ST-2710,강서구,720,1.1051627989645483,1.0222096243524503,1.3024892701789677
ST-679,동대문구,720,1.0241812315702925,0.9468695973636616,1.3024357414673393
ST-1889,강남구,720,0.9755044758282008,1.0447961954919698,1.3021958333828358
ST-150,마포구,720,1.0620500143792513,1.0543861197177582,1.301601351868865
ST-1422,중랑구,720,1.0722005774272132,0.9696702755004735,1.3003082852398822
ST-288,영등포구,720,0.9885575623157734,1.0147538824756024,1.2997702269581344
ST-1342,성북구,720,0.9800056162403357,0.9442133316345475,1.2996025642791609
ST-3175,도봉구,720,1.0362529393438813,1.1117913266719424,1.2995398124724742
ST-2534,마포구,720,1.0332770732537497,1.0528941234697098,1.2992144492870144
ST-895,송파구,720,1.052983982768484,1.0128355774026303,1.299199204299018
ST-419,마포구,720,1.0956153131750277,0.9091980787154501,1.298041794476419
ST-549,광진구,720,0.9459408356202919,1.0029876044128947,1.2978505999017607
ST-1147,금천구,720,0.9403837421079304,0.9985564430922174,1.2975684457277141
ST-343,종로구,720,1.0966316171771402,0.9324341596893538,1.2971573359462494
ST-3419,종로구,720,1.061738595150342,1.0370986346289037,1.2961278782711612
ST-2915,노원구,720,1.012239779337844,1.0376510089477307,1.2937630023465863
ST-1417,송파구,720,1.0492940662612105,1.0173387407172025,1.2927746696695022
ST-110,마포구,720,0.8924424874026478,0.901815221660015,1.2920440055796045
ST-180,서대문구,720,1.0855790489165085,0.8082802147344307,1.2918253275269864
ST-108,마포구,720,1.0266500914914625,0.9881618309925538,1.2916827785771372
ST-2560,동대문구,720,0.9396160966212433,0.9940158111646028,1.2906271874897883
ST-650,동대문구,720,0.9721536137775348,0.9954751905188384,1.290115655221104
ST-2120,도봉구,720,0.9620058582126253,0.966144405698996,1.2892973360161621
ST-540,광진구,720,1.0706285848896704,1.0356713718584132,1.2890558337424636
ST-1794,UNKNOWN,720,1.1070734903048314,1.0215073036764357,1.2885483036218117
ST-524,성동구,720,1.0297809447489212,0.9553124175057156,1.2885440955451402
ST-207,영등포구,720,1.0153297771724954,1.0484261716927297,1.2867883083733112
ST-2253,은평구,720,0.9878570244724241,1.0086955803450757,1.2860135828492019
ST-1578,강남구,720,0.9359967117786284,0.9722751362851361,1.285389831825781
ST-517,강서구,720,1.0383797780743305,1.060042868888514,1.2853432987505948
ST-162,서대문구,720,0.9965080422582541,0.9331472110471266,1.2848222259360371
ST-1512,강북구,720,1.1133792998126355,0.8252703328066968,1.2841172483134338
ST-464,종로구,720,0.9792773540577111,1.0065200304905966,1.2833956660874626
ST-174,종로구,720,1.0250198329253228,1.0149790818957236,1.2832186496017104
ST-169,서대문구,720,0.9303754888922626,0.949475241411295,1.2829546701200643
ST-2570,서초구,720,0.9714829467862757,1.1577475346187407,1.2825430081390852
ST-142,마포구,720,1.0718692718308833,0.9570241040380646,1.2821929649335488
ST-3030,영등포구,720,1.031559745909216,1.0452332131744522,1.2821255582398337
ST-2775,은평구,720,0.9945512970836815,1.025718957313594,1.281949358209153
ST-1868,금천구,720,1.0420478154218367,1.0783653383968712,1.2818261845961847
ST-152,중구,720,1.0711877387770066,1.05751140748762,1.281763302817903
ST-2639,송파구,720,0.907950614014888,1.0123260750343492,1.280845812756842
ST-2610,강북구,720,0.8885407841263703,1.0039564696338525,1.2796324800446892
ST-3283,영등포구,720,0.9410001988970088,1.0512496413969337,1.2789435493210122
ST-1380,성북구,720,0.9841825401871854,1.0872064373329748,1.2785868745189228
ST-1483,은평구,720,0.9298708271563939,1.01300679949639,1.278447251029776
ST-1178,강서구,720,1.0144596803293182,1.100157610555013,1.277786165292903
ST-2653,송파구,720,1.143916627778038,0.9398491096810566,1.2763271592589887
ST-688,동작구,720,0.9526947511230718,0.9575481744402056,1.2760611707132874
ST-1721,용산구,720,1.013982173634549,0.9396839884200231,1.276047714342675
ST-201,영등포구,720,0.863871735755472,1.0693263142256264,1.2758318927723102
ST-3382,동대문구,720,1.054762979364914,0.9647215193569768,1.2756581711727801
ST-2095,동작구,720,1.016964090714578,0.9968223044606095,1.2746703166132691
ST-2237,서초구,720,0.9385868665668039,0.9429636858316413,1.2745701276566572
ST-3272,마포구,720,1.0671811100861779,1.029572710692764,1.2735749695945469
ST-2457,강동구,720,1.0035195798223455,0.8636676127681399,1.273007605992954
ST-595,중랑구,720,0.8086308184700332,0.9827801408555313,1.2728088959924382
ST-985,은평구,720,0.90923480197157,1.022284972868298,1.2722980777634223
ST-993,은평구,720,0.8941094196961288,0.9736803133362955,1.272137417644542
ST-155,마포구,720,1.003655403198426,1.0907580912082326,1.2716719210926901
ST-2899,영등포구,720,1.1182992716136806,0.9530867803436632,1.2709951757987497
ST-189,중구,720,0.8877265148434696,1.0716801880485116,1.2683443154070355
ST-2717,강서구,720,1.0244653248155917,0.9088706583118401,1.2679078119392873
ST-687,동작구,720,1.0777930935371425,0.9174135685975423,1.2674723307857643
ST-1010,강동구,720,0.9920436510753305,0.932849136294907,1.2658143816630585
ST-916,은평구,720,0.9077334149895305,1.001487740320189,1.2653777908811024
ST-2986,송파구,720,0.9548980497609438,0.9903010844526801,1.2653554922300787
ST-1924,구로구,720,0.986318606638627,1.0160515521795257,1.2645175098471484
ST-1831,금천구,720,1.0522104841867996,0.8753511809454649,1.2639734068197337
ST-1869,금천구,720,1.0384339497817126,1.0826913721449054,1.2639597558287392
ST-1636,노원구,720,1.022575608550372,0.8544828979598533,1.2639429623641478
ST-1959,구로구,720,0.8826533891364818,1.0169979839467433,1.2638784012960944
ST-2274,서초구,720,1.0531040271974383,1.0220329983953707,1.2625010504449643
ST-1691,노원구,720,0.919538649541401,0.9578755089869057,1.262139215179049
ST-2787,성동구,720,0.8699285191797415,0.9907450341045879,1.2618175023587608
ST-443,중구,720,1.0782656151291452,0.8302762203877289,1.261524515899758
ST-2921,노원구,720,0.9591013614679665,0.99481519467439,1.2610884347529467
ST-1540,강북구,720,0.9443268353828087,0.9809568342826894,1.2586253279148396
ST-2981,마포구,720,1.1228386406612085,1.0584145588756708,1.2580834835112469
ST-328,종로구,720,1.022156634911314,0.984545769865511,1.2579391227237062
ST-2373,강남구,720,0.8646708129485076,0.9550947109091346,1.257843521708045
ST-3117,서대문구,720,1.052483328230262,1.0339374883526378,1.257685083091632
ST-1638,도봉구,720,1.0502397088720603,0.8728671743400805,1.257420420467711
ST-156,마포구,720,1.0273209477087872,1.042001065453716,1.257408284448336
ST-2018,강서구,720,1.0652931212879888,0.9560159133825258,1.2564578743470527
ST-616,동대문구,720,0.9284068652781079,0.9580542036783691,1.2548810756600202
ST-2809,구로구,720,0.9171941288063751,0.9745924989100222,1.2543730528146582
ST-2173,관악구,720,0.9630342272503943,1.0340681080131489,1.2543218808371466
ST-828,용산구,720,0.9428004169682481,0.9848996329384341,1.2541264432978714
ST-1424,중랑구,720,1.0075835483074946,0.8521670862785907,1.2539741862396503
ST-69,영등포구,720,0.9793647589001021,0.9639983932553886,1.2537528694006816
ST-2493,강서구,720,1.2272987852515083,1.4558356581408387,1.2536273832387965
ST-183,마포구,720,1.0232816683085424,0.9293155969543907,1.2531314840434575
ST-2371,강남구,720,1.078928545481845,0.8240926725621972,1.252797663658319
ST-2407,강남구,720,0.9163631260514297,0.8646337261889504,1.252175817908424
ST-3244,마포구,720,0.870899741350564,0.8387127675826461,1.2518255151015978
ST-480,중구,720,1.021543537484793,0.9904392845443141,1.2477312172521093
ST-2739,강서구,720,0.9731814265846574,0.9298359783363157,1.2473164209765362
ST-1053,강동구,720,1.0463272579226168,0.8685084180682718,1.247078914561422
ST-1425,중랑구,720,1.043603568002939,0.8998846602214703,1.2463462319259124
ST-1227,송파구,720,1.0055922244647473,0.9271742266905402,1.2454629521916962
ST-2992,강서구,720,1.133352925716315,0.9088487895542919,1.2451582247757473
ST-3362,동대문구,720,0.9955490240983567,1.0222132385950788,1.2446805099175322
ST-2785,은평구,720,0.9565812612579808,0.8588817172472982,1.2444755644760914
ST-1579,송파구,720,0.903728580788041,0.8876601643348232,1.2438869250340892
ST-2763,양천구,720,1.1297140581044023,0.8685423817273988,1.2438791083710656
ST-447,종로구,720,0.8568208049256268,0.9188458318826678,1.2434434183769478
ST-645,강북구,720,0.9615412164203591,1.0201588723888537,1.2428117903397413
ST-1044,강동구,720,0.9520490302824314,0.8860438004038516,1.2419471174709042
ST-1119,강서구,720,0.9490411604844616,0.9594455648634754,1.240895831924926
ST-1287,송파구,720,1.0727924340284334,1.0200939543924308,1.2404980157356535
ST-313,양천구,720,1.0099808215446477,0.945597174947913,1.2394002025579591
ST-1292,도봉구,720,0.9098625761251397,0.9147337056620208,1.2391688365593172
ST-1796,UNKNOWN,720,0.9167588728584198,0.9609857346704396,1.239141880048685
ST-1797,UNKNOWN,720,1.0385559497662116,1.08367271472659,1.2384218733494754
ST-3171,영등포구,720,0.9543392777485851,1.0182909967066955,1.2382179040578256
ST-674,동대문구,720,1.1718717835353,0.6222407915622264,1.2379402588496373
ST-3301,노원구,720,1.0332126708967753,1.0454562702345933,1.2373136524775186
ST-2996,관악구,720,0.901607587088821,0.8810546489052674,1.2368487328731506
ST-2777,은평구,720,0.8920123133767356,0.9863207753280855,1.2363056204617469
ST-3052,중구,720,0.8882532782044105,0.8507272052661986,1.2360826473340476
ST-2770,양천구,720,0.8566969285946319,1.0347796091791863,1.2359903304229563
ST-3332,서초구,720,0.948880784339768,0.9803183181802438,1.234738870483981
ST-2282,서초구,720,0.9613326856929155,0.9105840640977076,1.2347068446536535
ST-2751,강동구,720,0.9138338693676578,0.9792066613220085,1.2344568479669573
ST-372,중구,720,0.9236163132449727,0.999892638594811,1.2339673437404186
ST-1200,강서구,720,0.9169704694732843,1.0522309081120251,1.2323646343095658
ST-737,양천구,720,1.0552206277146057,0.9205265640191491,1.2312736338766888
ST-3131,서대문구,720,0.9803590105461943,0.9697517311357449,1.2298005192174981
ST-1013,강동구,720,1.0210343972405898,0.9424839679519793,1.2295036537470427
ST-160,서대문구,720,0.9052273845909974,0.9167267035230099,1.2291997698611108
ST-1192,강서구,720,1.131065214034555,0.8411207872871604,1.2291879783261417
ST-1087,송파구,720,1.1462451166391359,1.093754499430946,1.2291086677447334
ST-746,양천구,720,0.9322279531908579,0.8082770514158988,1.2290087770277403
ST-2978,마포구,720,0.927052114355491,0.819104802266672,1.2287395512532069
ST-1282,송파구,720,1.1374821384589533,0.9121847427479204,1.2285004668669433
ST-1475,노원구,720,1.0626012957133757,0.9730894157331345,1.2281465473357671
ST-1739,서초구,720,0.918421448301797,0.970893305594216,1.2276504661388543
ST-172,종로구,720,0.9907080634172838,1.0114922805808737,1.227545305973836
ST-1243,송파구,720,0.7740773341142241,0.9639292182020102,1.2260127391381437
ST-816,용산구,720,1.184520193710341,0.7537517741643154,1.2256192641965706
ST-1398,양천구,720,0.8921827869886515,0.8033308705809306,1.2255995528734664
ST-3112,강남구,720,0.9605924421447889,0.8930436717751269,1.2249547170408206
ST-1407,중랑구,720,1.013655864960636,0.9072791011637087,1.22469218390414
ST-322,중구,720,0.9471504215064479,0.9246671747185129,1.224297536704908
ST-2359,강남구,720,0.9851434719980788,0.7068254446229307,1.2239780976582146
ST-3167,노원구,720,0.919528918667461,0.9158223118466923,1.2238884220741821
ST-2626,송파구,720,0.9322484693630724,0.9497114474903035,1.222167563104718
ST-625,금천구,720,0.8975333588861948,0.8459284318080413,1.2219627931860875
ST-2147,마포구,720,0.9823356521528978,0.9810247011660487,1.2217268831612353
ST-2678,강남구,720,1.0670647537074622,0.9249034290979733,1.2214116791799805
ST-2472,종로구,720,1.0802830141738,1.0168919944255608,1.2192283259742553
ST-1778,중구,720,0.9981521206123252,0.8484298640147873,1.2191244966323607
ST-1190,강서구,720,0.9781509177899862,1.0339741233934245,1.2180981922485186
ST-1603,광진구,720,1.1508594298075716,0.9820733701856882,1.2179768686891033
ST-1011,강동구,720,0.9189554791327496,0.948919404868722,1.2169395671539607
ST-1861,금천구,720,0.8355946202820717,0.8879940223794076,1.2168057628117368
ST-1991,구로구,720,0.9144036240713255,0.8789029334313607,1.216335764529771
ST-1608,노원구,720,0.9819223877116119,1.1098905441151572,1.2162944767148836
ST-1479,중랑구,720,0.9718046353216607,0.9923927882175217,1.2156816309954697
ST-1846,금천구,720,0.9028529572465149,0.9205085871749574,1.2148791394886724
ST-2502,서초구,720,1.0169457365317527,0.8498337905532316,1.212831402435867
ST-1756,도봉구,720,0.8537956531980708,0.907320509444573,1.212587471476674
ST-2291,중랑구,720,0.9555760224472576,0.9254512020472243,1.2124892452229494
ST-2852,영등포구,720,0.9171119380459977,0.9032953587944793,1.2122987491604058
ST-222,영등포구,720,0.9924407733885873,0.7912349646311316,1.2116682221220114
ST-1222,송파구,720,1.004853719735753,0.8526146992205098,1.2105817146235185
ST-1556,서초구,720,0.9317823697789537,0.959081911763336,1.2101584155415124
ST-1547,강북구,720,0.9264994979896951,0.6694035759191908,1.2099902649771557
ST-213,영등포구,720,0.7937144776946634,0.98712838011333,1.209618611932122
ST-3050,도봉구,720,0.9232796408418252,0.9717151992708787,1.208880415871222
ST-2022,강서구,720,0.8849582771117236,0.9112996029335736,1.2073858098323775
ST-170,서대문구,720,1.0397208836106624,0.7421452506965622,1.2072190288313294
ST-752,양천구,720,0.8868253275363187,0.9345254814983442,1.2067829721438994
ST-3153,송파구,720,1.0298296991135873,0.9848923145910339,1.2056965674304698
ST-3059,양천구,720,0.976294090154307,0.8406952545503376,1.2021272615815861
ST-2479,강서구,720,0.8666302344134476,0.946068048774944,1.2020720394426057
ST-3090,종로구,720,1.030255086589161,0.9782531530500291,1.2020554611049914
ST-623,동대문구,720,0.9069225912829563,0.792270749990357,1.2008500001841453
ST-2603,송파구,720,1.0561266037054668,0.5506490477891836,1.2003536719050083
ST-696,동작구,720,0.9711982619136615,0.9662029924302007,1.1998359244868195
ST-1325,성북구,720,0.9089450747382007,1.067493362664891,1.1997389321923386
ST-1848,금천구,720,1.103163028950214,1.067088985701809,1.1992688324627783
ST-1713,도봉구,720,0.8671684093068524,0.8520840971177539,1.19901742436971
ST-3080,용산구,720,0.940721230947422,1.027897012716082,1.198608902326407
ST-871,구로구,720,0.8737764278421827,0.9920048909676933,1.1960607439864814
ST-2470,은평구,720,0.8618167439426673,0.9914739467789538,1.1937579762724115
ST-3224,양천구,720,1.008992616382426,0.8418153709270557,1.1925802701976969
ST-2867,강남구,720,0.8956074834563219,0.9146721162320441,1.1919253533691743
ST-747,양천구,720,0.9632716007419526,0.8435067042332637,1.1911684688579252
ST-2547,서초구,720,0.9332817560653043,0.8806050986149081,1.191163580744496
ST-2709,강서구,720,0.9812122451059127,0.9644288094892076,1.189848747824331
ST-2724,강서구,720,0.9347809277293205,0.9522209036252776,1.189472259133978
ST-2327,강남구,720,0.9523971215799083,0.8828183957802013,1.1881114479751829
ST-2874,마포구,720,0.9114587095006722,0.9204874584156855,1.187360258160353
ST-2364,강남구,720,0.8417245081553578,1.0182259832844776,1.1873365914872807
ST-3278,노원구,720,0.8649276417075933,0.8323288470602109,1.186328579996069
ST-988,광진구,720,1.034670763018997,0.8778163609620206,1.1853711395495432
ST-2532,서초구,720,0.8618668320442248,0.9417030256685279,1.1847404268283905
ST-1169,강서구,720,0.9852926555777182,0.9490833389154297,1.1845808132378204
ST-2794,양천구,720,0.9580668041962335,0.9327567879059036,1.1835700636007287
ST-407,마포구,720,0.8497638433967503,0.9590105612672668,1.1814162472722787
ST-1270,관악구,720,0.9781060858497251,0.8575120721909016,1.180495585508063
ST-1922,서초구,720,1.1037812814611618,0.9265187859847708,1.1792449800598843
ST-3410,종로구,720,0.8244818545548743,0.912493473563432,1.1775411668741436
ST-2952,중랑구,720,0.8512323422446648,0.8327349373900915,1.1773334007940546
ST-2759,양천구,720,0.894148024472985,0.8820832276586431,1.176387042260038
ST-296,영등포구,720,1.0216587263201626,1.0681265459126406,1.1759530248722676
ST-2449,용산구,720,0.9061659185581298,0.8415010541187348,1.1759395935456225
ST-1610,노원구,720,0.9258012113668073,0.9655615208510517,1.1758085622924348
ST-3253,중랑구,720,0.9133022419215333,0.9169205080235614,1.1756252579805224
ST-3141,송파구,720,0.8908814667955565,0.8776041052258166,1.175546874314909
ST-2629,중랑구,720,0.8875495160145245,0.9565402166778268,1.1747119597371918
ST-1281,노원구,720,1.0979415628929021,1.0652375976884543,1.174661095397718
ST-2509,서초구,720,0.8363312043381397,0.8568134094903455,1.1736429634260617
ST-2957,송파구,720,0.9331920711717302,0.8761486963694755,1.1734612451498394
ST-1723,도봉구,720,0.9394494711911971,0.8454335197289992,1.1730110085238104
ST-792,양천구,720,0.9143267582874669,0.9406787587020818,1.1728464777144507
ST-3280,노원구,720,0.9112684943837155,0.8778990308702266,1.1727656313138632
ST-1560,강북구,720,0.8982939833466064,0.8709827216333429,1.1725228189653396
ST-3242,송파구,720,0.9628357252525785,0.9901240545452695,1.1713649172185843
ST-3313,영등포구,720,0.8703823718249198,0.8378245287500166,1.1710489869611898
ST-1107,강북구,720,0.8949029112262644,0.9356543696037493,1.1703273134825016
ST-729,양천구,720,0.8762761349088362,0.909176441458285,1.1702258339263574
ST-612,동대문구,720,0.9040865343714303,0.8473807037051059,1.170178096502045
ST-436,마포구,720,0.8867511844751238,0.8405548854208699,1.1688592213431523
ST-3123,서대문구,720,0.9158278153265381,1.0527499590512568,1.1688042186463463
ST-2731,강서구,720,0.9323400454378028,0.8433963705158138,1.1687095160945389
ST-3083,용산구,720,0.9347946579220513,0.9825838049922192,1.168663004834516
ST-500,광진구,720,0.9065993975659261,0.8230073582577807,1.168446229800695
ST-2681,강남구,720,0.8819939107000384,0.9460999398492013,1.1673100491022905
ST-958,은평구,720,0.8647680793410992,0.9577642764233006,1.1666897094233488
ST-2154,마포구,720,0.8937446131498825,0.9651165147834229,1.166474581287027
ST-327,종로구,720,0.8993547842359555,0.9577719231994057,1.166149546032561
ST-2800,영등포구,720,0.8412875309294248,0.8948730518343135,1.165239365325079
ST-2088,동작구,720,0.9034198193358743,0.8521731279901558,1.1649561525921663
ST-948,은평구,720,0.9895831086869368,0.9398528108675342,1.1646270727726997
ST-1621,강동구,720,0.9527444496593895,0.9736433879607942,1.1641157427783293
ST-276,영등포구,720,0.8304742004113727,0.8582189530386979,1.163186461861421
ST-396,동대문구,720,0.7863035735141628,0.8673819182613951,1.162980633063426
ST-3069,송파구,720,0.9785594764423602,1.0037150401920334,1.1627663279451277
ST-570,중랑구,720,0.8728512139205612,1.0024046704769798,1.1625823969281321
ST-2987,송파구,720,0.9219905031672346,0.8541044770218623,1.1613497202792007
ST-536,성동구,720,0.8539927844252357,0.8570915391909604,1.1605132634912758
ST-978,은평구,720,0.992695734114879,0.8434236964732453,1.1605077830632051
ST-1127,강서구,720,1.0085367151899058,0.7916675224267197,1.1595621251544643
ST-473,중구,720,0.8275340817130146,0.9388447995292389,1.1587748570593825
ST-1802,종로구,720,0.9575566020243677,0.7954418159867994,1.1585363179863788
ST-1805,금천구,720,0.9492398800894245,0.9065230472959537,1.1580939055831188
ST-2176,관악구,720,0.9323821354376135,0.840762784019826,1.1580106397027448
ST-456,종로구,720,0.8959442342736168,0.9231852598320545,1.157410517456997
ST-3379,서초구,720,0.931121328979566,0.9396831523300735,1.1567966196210382
ST-1908,구로구,720,0.9505503240730804,1.0315212493681658,1.1564704951188802
ST-2334,강남구,720,1.1702872355066576,1.0344592039218294,1.1552788021048332
ST-2904,노원구,720,0.8560995813405243,0.8928475077848926,1.1552466709358502
ST-3071,송파구,720,0.93363520312152,0.8849268159781837,1.154940459362139
ST-1491,서대문구,720,0.8721337608908949,0.8470753232275857,1.154624237890322
ST-2236,성북구,720,0.895174471978886,0.8473446702285636,1.1538671362455537
ST-2252,서초구,720,0.8798332511142609,0.8895782837786764,1.153580105678209
ST-2200,서대문구,720,0.7983250982649914,0.8399738541417144,1.153403636478895
ST-2561,서대문구,720,0.8251859327354519,0.7965331241055857,1.1528247486609369
ST-1983,구로구,720,0.9503127084848796,0.8829145672903306,1.152729135885874
ST-2798,송파구,720,0.9625283313412251,0.9145213935191733,1.1521373012134504
ST-3223,구로구,720,0.9411403049474732,0.7285343637735473,1.1512397046878569
ST-943,은평구,720,0.9944477757276641,0.9388014376657365,1.15120065211434
ST-2576,송파구,720,0.8860026641095881,0.8998488651315691,1.150835160271412
ST-2614,송파구,720,0.8746281488951024,0.9086216880172829,1.1506707881966498
ST-3411,종로구,720,0.9664160505938455,0.8093987271942162,1.1498011871985605
ST-928,은평구,720,0.8983610181732476,0.8851172648258371,1.149721560384493
ST-1703,도봉구,720,0.9781865099495965,0.973853345412584,1.149137580704453
ST-3314,영등포구,720,0.9327660895388873,0.9042917312699351,1.148635821081189
ST-1893,강남구,720,0.8671611761014987,0.8760845067719842,1.1483862880898397
ST-157,마포구,720,0.8724198935788752,0.8904031553766433,1.1474101800310814
ST-1573,강북구,720,0.9608681752245393,0.872674645195233,1.14445292174083
ST-151,종로구,720,0.9675035722389456,0.8775541862043544,1.1439464546372096
ST-965,은평구,720,0.9534715620818892,0.8642332512707125,1.1428012968918912
ST-825,용산구,720,0.9304121690850136,0.9132949881359982,1.1423883798299888
ST-2855,구로구,720,0.9053274929277905,0.8563843940136859,1.1422907712298882
ST-2265,서초구,720,0.8076938855748999,0.8570387517913765,1.1421028105561044
ST-896,송파구,720,0.8195587976045737,0.9026758711657344,1.1417868991977593
ST-1628,노원구,720,0.8497033194972973,0.8350935813416006,1.141155608146384
ST-334,종로구,720,0.8989024061049878,0.9075538906139177,1.140492737736601
ST-967,은평구,720,0.7812666989614911,0.7858906023658038,1.140025997125881
ST-2589,송파구,720,0.8714877788559827,0.8761722858292061,1.139577301923339
ST-235,영등포구,720,0.9689885699377282,0.8998933285077525,1.1385513623094228
ST-3203,영등포구,720,0.910536325613285,0.8702079132285786,1.1381173885558014
ST-2579,송파구,720,0.8669336071914386,0.9512387452510864,1.137582048989826
ST-853,용산구,720,1.031261825779215,0.7022913417237381,1.137511156194245
ST-1607,종로구,720,0.93654159058155,0.9360605169742046,1.1367901305295014
ST-1441,중랑구,720,0.8758834906892766,0.8409467116218865,1.136477697126069
ST-3266,노원구,720,0.9875739264233315,0.8955774717022053,1.1358017591046916
ST-3338,노원구,720,0.8444069419299823,0.8808074722327839,1.1347374329769035
ST-2116,관악구,720,0.9277521395537279,0.6360243954188921,1.1326561405383089
ST-2698,노원구,720,0.8409314452552052,0.8339178840625013,1.1325073379524717
ST-291,영등포구,720,1.0734068740263807,0.6613895579925865,1.132172841099679
ST-3122,서대문구,720,0.8421361980125726,0.8640059899230662,1.1316018040924034
ST-2988,송파구,720,0.9468132122482886,0.844083478618746,1.1310905595321574
ST-856,중랑구,720,0.8799176914156229,0.7493216870652306,1.1307575376873211
ST-1343,성북구,720,1.0517423391274778,1.0550230029749141,1.1305185609099924
ST-28,마포구,720,0.8587463506116719,0.8006494599774726,1.1302630638301678
ST-2463,구로구,720,0.8395383116028954,0.8514363961565014,1.1298890307385467
ST-1791,중구,720,0.9199449902543619,0.9483027195129194,1.1290400448733067
ST-326,종로구,720,0.8665793295691038,0.8414849790656621,1.1290232768022852
ST-137,서대문구,720,0.8930778456900139,0.9263891736163786,1.1288366709444346
ST-2862,강동구,720,0.8754590328611671,0.796660583730031,1.1279333627989567
ST-330,용산구,720,0.8942780280515461,0.9146811010610536,1.1275353429114696
ST-1467,중랑구,720,0.8214756141111056,0.8804837607566742,1.1270165282413878
ST-1599,성동구,720,0.8479777028750237,0.8748506743351229,1.1263475310974123
ST-704,양천구,720,0.7771793129126132,0.9156489847123344,1.1259374884624334
ST-1374,종로구,720,0.8492216816673438,0.8388233695863248,1.1258832568110893
ST-2901,노원구,720,1.1238374375180304,0.28098115770355164,1.1251416229893523
ST-1106,강서구,720,0.7628922066190809,0.9162285442988707,1.124111832955957
ST-2333,강남구,720,0.8177750522652746,0.7198491241718349,1.123772589184765
ST-1676,강서구,720,0.8559281051951192,0.885790035088789,1.1237248711255978
ST-3062,서대문구,720,0.8867316124061144,0.8734791604046108,1.1236606840275678
ST-7,마포구,720,1.0010560609525228,0.8238441101839515,1.1228435022178553
ST-24,마포구,720,0.8433135107329272,0.8547077862122074,1.1226169669290742
ST-3337,강서구,720,0.9048083231369385,0.9165638914438745,1.12206948874922
ST-2701,강서구,720,0.9519294175869898,0.9404462060321267,1.1214096481926505
ST-1481,은평구,720,0.785974469124003,0.8397143422548566,1.121369013059303
ST-1203,송파구,720,0.8312841287501743,0.9093335079839684,1.1205930976356007
ST-788,양천구,720,0.9605214516296906,0.8094552499763064,1.120453363013999
ST-2473,종로구,720,0.7991744154262415,0.9152619305560005,1.1200570563014953
ST-2394,강남구,720,0.8091178365462744,0.8310954951407439,1.1198757175055
ST-2498,동대문구,720,0.8148437702999651,0.8624771318403743,1.119832261153416
ST-2506,서초구,720,0.9033361069476743,0.8275521087524709,1.1193496680554929
ST-1036,강동구,720,0.7792013615909411,0.9356640652640104,1.1190852384032968
ST-3426,종로구,384,0.968920777359438,0.8479137331564073,1.1184494169083623
ST-2637,송파구,720,0.8930691047525182,0.8224983414970438,1.118230287222809
ST-2655,송파구,720,0.9482183474868477,0.927990266047918,1.118195374728642
ST-1554,강북구,720,0.8805041509214758,0.875858440601783,1.1180475381767363
ST-1641,노원구,720,0.9458011716494639,1.0004490423782353,1.1179257438944226
ST-78,마포구,720,1.0746544101396274,0.6639942072148168,1.1161696420303648
ST-1459,중랑구,720,0.7633450390656781,0.8691708988655025,1.1158898780419297
ST-2595,송파구,720,0.998264420800399,0.7882876708289689,1.115827617762329
ST-3424,강서구,720,0.8867590157980838,0.9202393739903894,1.1155429543969284
ST-2527,서초구,720,0.9317486126683802,0.9263873787393284,1.1152719155764363
ST-1339,성북구,720,0.8368948435536993,0.8243995956871152,1.115249206333137
ST-2803,동작구,720,0.7998777125805042,0.876516146217965,1.1145745741544957
ST-2897,서대문구,720,0.9883495725524669,0.7023368877499129,1.1138596425244607
ST-646,강북구,720,0.8983829155592826,0.8555632891588483,1.1137983183504312
ST-1436,중랑구,720,0.9563417921670327,0.6550323983720687,1.113775657812509
ST-2126,강북구,720,0.9224827547359821,0.8722074190789874,1.1134145951095662
ST-2273,서초구,720,0.9298002839401084,0.8373327643051756,1.1132929013420088
ST-2289,서초구,720,0.8367403220052585,0.8945766981414012,1.1132492387893653
ST-2964,금천구,720,0.8346855805046961,0.788357344980372,1.113107111017733
ST-2099,도봉구,720,0.8841296509555493,0.8185899257819802,1.1125871107042662
ST-1808,금천구,720,0.9200325707090145,0.927615682089563,1.112304741476727
ST-321,중구,720,0.8859728773162262,0.7714362534711642,1.1120787950526925
ST-2861,노원구,720,0.8774786450637446,0.8457887520560754,1.1107574262661417
ST-3310,관악구,720,0.8310652989705551,0.8457496612572105,1.1095169485949528
ST-3327,강서구,720,0.9492732281342896,0.7503497819001684,1.104952622613641
ST-1767,도봉구,720,0.8760936322528199,0.8608507896760559,1.1045769707000712
ST-2363,강남구,720,0.8664754453731572,0.9045030580358356,1.1043865162574003
ST-2483,강서구,720,0.856916397976612,0.9472738149442973,1.1043555236490232
ST-1694,강서구,720,1.0398961438714882,0.9190533317484579,1.104288270135795
ST-2078,동작구,720,0.9048485987123215,0.7844344847844934,1.1040679325614495
ST-970,노원구,720,0.8085229136735904,0.8258587974227758,1.1037460067667646
ST-3289,노원구,720,0.9068438623042598,0.8399137144739878,1.1034852498349894
ST-1992,구로구,720,0.8052695526857894,0.8539062429709137,1.1015470075363163
ST-766,양천구,720,0.9291611093410199,0.8818769773602037,1.1009111754712169
ST-744,양천구,720,0.8458794594418728,0.8509226661841692,1.1007168289008664
ST-3219,영등포구,720,0.8535759485088903,0.8080434224595264,1.1003423168763624
ST-134,서대문구,720,0.9090214525337857,0.9332929860185984,1.1001229164377047
ST-881,서초구,720,0.8952115072636158,0.8848731703793894,1.0994506477840824
ST-1288,송파구,720,0.8572259480743982,0.8940894479597484,1.0994311373179866
ST-1760,광진구,720,0.7996243304347099,0.8127884882560519,1.0988449057703575
ST-2689,강남구,720,0.8495534677277313,0.9512240094891128,1.098627348315763
ST-2552,강서구,720,0.8122751066981642,0.8547586123647323,1.0979295238029616
ST-3345,중랑구,720,0.8334174969656867,0.8565848871300594,1.0979113727606622
ST-1346,성북구,720,0.7464468100265792,0.778314608438656,1.0977179538040147
ST-3295,송파구,720,0.7603254948878705,0.7201001508275475,1.0970176856181106
ST-317,양천구,720,0.7791441840397084,0.6721316282776505,1.0966006512671502
ST-1265,송파구,720,0.7691286457486785,0.8577009471956981,1.0946039868987194
ST-2340,강남구,720,0.9354979434476919,0.716120966449246,1.094189606518691
ST-1926,서초구,720,0.9435660070712918,0.8677571775420524,1.0939214467965261
ST-620,금천구,720,0.9051845567139643,0.8241409518455718,1.0937862815277717
ST-1814,금천구,720,0.8408170669008258,0.8260974716507121,1.0936647171284404
ST-2447,용산구,720,0.8328217888949401,0.9263232724885602,1.093020350850071
ST-378,광진구,720,0.913399143678051,0.8674340649056194,1.0928326094467156
ST-703,양천구,720,0.8554515221018644,0.8170219477479768,1.0927832336964336
ST-3221,영등포구,720,0.9417065521112292,0.9905666807883448,1.0912355320960538
ST-2362,강남구,720,0.8189572979597672,0.9200986250683881,1.0911270055758218
ST-2468,성동구,720,0.9603019453971974,0.9523350079794066,1.0910645899714706
ST-347,중구,720,0.779961951382166,0.8814618782645907,1.0904922482814872
ST-2188,용산구,720,0.8242290828215146,0.8896946327546357,1.089597493180884
ST-403,마포구,720,0.8078589871815991,0.8277742637923182,1.0893979979272066
ST-1764,강동구,720,0.8300381778011694,0.685034465366629,1.088252927093958
ST-2870,강남구,720,0.8398746106147883,0.8690179033592104,1.088007458613431
ST-3032,금천구,720,0.8406068049651002,0.750407559238841,1.087438474668852
ST-2285,서초구,720,0.7933726564458193,0.894263794995958,1.0870956200597366
ST-3393,성동구,720,0.8755334245794392,0.8403058913466721,1.0857285553098859
ST-854,용산구,720,0.7834513990498709,0.7983976349667454,1.0846133960635729
ST-340,종로구,720,0.9885918204678602,0.990215597153094,1.0844924567077106
ST-671,동대문구,720,0.8711968788048815,0.8215897043687476,1.0843368803948095
ST-1135,강서구,720,0.7838060012347621,0.864221233222144,1.0840838111228617
ST-565,성동구,720,0.816292827711936,0.8197623246666428,1.0835635971732442
ST-2659,송파구,720,0.8468462920677101,0.9210680913087087,1.0825635465844496
ST-3277,성동구,720,0.8096851350001553,0.7968720747351311,1.0819312158090293
ST-1978,영등포구,720,0.858232032994103,0.8282119010453144,1.081549861403584
ST-1204,송파구,720,0.794304956317323,0.7768312178329799,1.0808963987177285
ST-1390,성북구,720,0.855669374860738,0.8582091846833636,1.0807180960114695
ST-2768,양천구,720,0.8043297903454169,0.7681254260048553,1.0802572907417738
ST-855,용산구,720,0.9179598026409441,0.6220863765878785,1.0800198855860026
ST-1652,노원구,720,0.7992401403896701,0.9275473341239593,1.079820334199569
ST-2722,도봉구,720,0.8966160400743693,0.6413702805410553,1.0795500820319401
ST-3140,서대문구,720,0.888350314638618,0.8574708604001191,1.0788249673443673
ST-807,용산구,720,0.854873700327686,0.9040291698098337,1.0771993870642997
ST-2633,송파구,720,0.9480930594797968,0.7052154128210796,1.0768991434924995
ST-2358,강남구,720,0.8981517932507045,0.7773846500996666,1.0765789122141078
ST-3019,마포구,720,0.8665294181720853,0.8915042261360412,1.0764793456373625
ST-3261,강서구,720,0.9126897770308814,0.7515067715553482,1.076063262111396
ST-267,영등포구,720,0.7975208456873596,0.8140424169928249,1.0760498223684547
ST-1158,강서구,720,0.7709956465840389,0.8411543805168467,1.075080756059093
ST-2134,강북구,720,0.8870600533831481,0.8832242360561081,1.0741663143914635
ST-1271,송파구,720,0.8962486267637995,0.7660075896178037,1.0740003977422494
ST-1680,노원구,720,0.9119026836334896,0.6830516363765297,1.0737872447584107
ST-2859,노원구,720,0.8710468724711143,0.8533550264545615,1.0737856924505615
ST-2379,관악구,720,0.8159573866871183,0.764289451278391,1.0731517753731414
ST-1589,송파구,720,0.7973860464141056,0.8658593726172703,1.0731070596014547
ST-3102,서대문구,720,0.8334581328949764,0.879046738429312,1.0727395600819427
ST-2556,강서구,720,0.8943247360636811,0.7174215894646876,1.0726258399812862
ST-2551,강서구,720,0.8981818580555281,0.7464425375289093,1.072391925713926
ST-3200,영등포구,720,0.8405098200679265,0.8570916031854676,1.0722836430978973
ST-346,중구,720,0.7557948526033379,0.7749656884037598,1.0722117780154103
ST-566,중랑구,720,0.8652066974371103,0.8707321547496466,1.0715292013537856
ST-2414,강남구,720,0.8055814928968166,0.8438514415923772,1.0715016393476111
ST-1914,구로구,720,0.8281708303343375,0.8636872980767004,1.0714397708274015
ST-2290,중랑구,720,0.8174290091499739,0.8530760244573392,1.0708100048890845
ST-2002,동작구,720,0.8476207045219512,0.7543095035795329,1.0705625326046442
ST-3420,종로구,720,0.8978724346253191,0.9307015360380552,1.0704675408006135
ST-876,구로구,720,0.9366855773533542,0.6844404225893695,1.0703986359733202
ST-793,양천구,720,0.8419120509181482,0.8718375504825796,1.0703615175620946
ST-153,마포구,720,0.8676901869351747,0.8892506095089926,1.069428514304202
ST-30,서대문구,720,0.8600650068754181,0.8599676236007803,1.0692719900455887
ST-270,영등포구,720,0.8997471782648697,0.8746658102098789,1.068886286336527
ST-1651,노원구,720,0.7872848359533203,0.8965114275869054,1.0686192251059972
ST-299,영등포구,720,0.8534783108497982,0.7526190713537987,1.0683605603071549
ST-2368,강남구,720,0.818567161040313,0.8424063778894793,1.0666147585094852
ST-1876,송파구,720,0.9678642364835613,0.7922038962511533,1.0665578315885194
ST-2339,강남구,720,0.8034114402425869,0.7628597532512127,1.0660321525101264
ST-1515,강북구,720,0.8766536326575857,0.8426857746702842,1.06405921386046
ST-726,양천구,720,0.8390372230361633,0.7988118069146798,1.0634920778404673
ST-103,마포구,720,0.894959590222538,0.8630794623003937,1.0632761877817956
ST-3067,구로구,720,0.7274287181191919,0.7134669550916647,1.0630811133438587
ST-585,성동구,720,0.79052928990415,0.7860568275368671,1.0620755116027782
ST-2641,송파구,720,0.7517681881543289,0.824123868722335,1.0618629944977989
ST-1541,강북구,720,0.8322228741806442,0.8245571690232079,1.061573309410414
ST-3365,강서구,720,0.8735722518673062,0.8296510713472411,1.0611139390359474
ST-551,광진구,720,0.9216724965278844,0.9190199430722075,1.060303531301255
ST-1297,송파구,720,0.9091365142784652,0.8352624808067803,1.0601072867431134
ST-2697,강동구,720,0.8114402821756893,0.8076956922517048,1.0600136316757396
ST-3137,강서구,720,0.7419309083490704,0.628728296131698,1.059344665652984
ST-1492,마포구,720,0.7597066257109085,0.7658952303072809,1.058795465956781
ST-1933,구로구,720,0.7796883327276203,0.7546130000010043,1.0587139978431532
ST-1210,송파구,720,0.8084664450291806,0.6821790300119882,1.0585909682008912
ST-1174,강서구,720,0.7477992890971169,0.7854407219375239,1.058488563674548
ST-2266,서초구,720,0.8592966277176686,0.9014970739368648,1.058276916066871
ST-621,동대문구,720,0.8015791679224111,0.7374907320201254,1.0580831703694504
ST-2834,성동구,720,0.8720221372004523,0.8071741749079658,1.0574736944734382
ST-3151,송파구,720,0.8740200417778194,0.8959979441505739,1.0569542006457724
ST-561,성동구,720,0.8511406046531551,0.7641808986191064,1.0564609403283363
ST-2669,서초구,720,0.7864774416804882,0.8309222581594409,1.0561610043488223
ST-2505,서초구,720,0.7963274625762998,0.8229836765225053,1.0559467294090104
ST-173,서대문구,720,0.7784957669572622,0.8204761282808601,1.0554127290010764
ST-3227,양천구,720,0.8092751085427565,0.8399130951311766,1.0550695498376472
ST-1849,금천구,720,0.9196335018873029,0.4802774508885801,1.054752620262753
ST-1289,송파구,720,0.6961008301197618,0.8160036482869357,1.0546831709908626
ST-545,송파구,720,0.8856484195183899,0.8328472303099584,1.0546236253484749
ST-2165,관악구,720,0.7464646505841463,0.74617180272025,1.0538043433798847
ST-1834,금천구,720,0.7745269275276034,0.8073283045751991,1.053665809653932
ST-3344,성북구,720,0.8406928527349334,0.8923201628544738,1.0518191095798295
ST-2136,관악구,720,0.7854458680091553,0.7822587794073246,1.051516032012552
ST-3110,서대문구,720,0.8842412903405176,0.8350230489812197,1.0512394234429177
ST-787,양천구,720,0.8559189378235151,0.844839425089135,1.0509377412367107
ST-2008,동작구,720,0.9593484941793059,0.6053694177702981,1.050593241488026
ST-3075,종로구,720,0.8866457692107083,0.8623611398945712,1.0504525423961184
ST-1592,송파구,720,0.8505111821417897,0.8026878066973039,1.0499073774089298
ST-12,서대문구,720,0.8857465894482496,0.836680318007471,1.0497356438493217
ST-1822,종로구,720,0.8902900111057588,0.6542090362055432,1.0497046486384716
ST-318,중구,720,0.9744406985360398,0.4210420619435104,1.049468602001866
ST-2948,관악구,720,0.8039793700795378,0.7890384682198814,1.0485299962229124
ST-478,은평구,720,0.7809452104455925,0.8633683783694714,1.0484183842699994
ST-1923,서초구,720,0.802869032832964,0.8247578940019611,1.048400998609925
ST-2467,성동구,720,0.9410282169310908,0.7819360575592169,1.0475632164977604
ST-1548,강북구,720,0.8722187620858682,0.8359533827587519,1.0468728628350206
ST-2117,도봉구,720,0.7911078398284387,0.7524521859265901,1.0453387022289016
ST-3185,강남구,720,0.7678219695930133,0.7925985454892118,1.0452239518421165
ST-2997,구로구,720,0.717674850221596,0.8564108521591668,1.0451506204028687
ST-2086,동작구,720,0.8909484160643271,0.897506335869609,1.0449222366816442
ST-1679,노원구,720,0.7987099719552126,0.9012605596882738,1.0440052448244996
ST-694,동작구,720,0.7179129233073072,0.7904610208411419,1.043956808681016
ST-599,중랑구,720,0.8540569047765735,0.8996829635538458,1.0436771345619
ST-3133,송파구,720,0.914283129848608,0.6279915858950098,1.0428184441908384
ST-1100,강북구,720,0.8422864259155868,0.7953348498300926,1.042645240371088
ST-2132,강북구,720,0.7913644153707969,0.8405495850761281,1.04261044735318
ST-3233,중랑구,720,0.8737565960897877,0.7734270018884386,1.0423339195965988
ST-2868,강남구,720,0.7402389860234736,0.7934097820295266,1.0407662733834242
ST-76,마포구,720,0.8285492355459239,0.7845849034823527,1.0406911228543487
ST-1620,노원구,720,0.8227500325790503,0.7968432945032303,1.0398029090155667
ST-1421,중랑구,720,0.7588932493632241,0.7608181247335791,1.039550356007243
ST-1418,중랑구,720,0.8449625005614432,0.8074240462518191,1.037757820534502
ST-2946,강서구,720,0.7587022007775145,0.7566540747429814,1.0369310144295427
ST-316,종로구,720,0.8204950231761916,0.7498137571940745,1.036802177536437
ST-639,동대문구,720,0.7304526249178837,0.7980009397071188,1.0367481205941533
ST-1456,중랑구,720,0.8193496355679316,0.7574638251864938,1.0355996121775852
ST-2658,송파구,720,0.7924763612417851,0.8222702940552412,1.035468724274509
ST-1466,중랑구,720,0.7849943278306712,0.6964691217069203,1.0353465178908923
ST-2329,강남구,720,0.9321643769360397,0.594084724483125,1.033736441386847
ST-3236,금천구,720,0.8760117808866982,0.7984251888824245,1.033316421702939
ST-2476,강서구,720,0.7992225059533798,0.7636446630684599,1.0325795295845657
ST-123,서대문구,720,0.8822699669458939,0.8152616542544268,1.0316886517859878
ST-1982,영등포구,720,0.7956679205953154,0.7561598667382848,1.0310868658275578
ST-2977,마포구,720,0.8875989995531518,0.9356928860167659,1.0294548219944504
ST-654,동대문구,720,0.7395187838966822,0.7430239879635719,1.0286455650008095
ST-1163,강서구,720,0.8341284394609205,0.7947612087064826,1.0281946780295779
ST-907,은평구,720,0.8030622976221401,0.8162601656768208,1.026434193993778
ST-1960,구로구,720,0.7607671199872117,0.7922908478205682,1.0261099555416457
ST-2778,은평구,720,0.8124847911750761,0.7956129007938867,1.0255631939569925
ST-2906,중랑구,720,0.8317244151533391,0.6381699565523411,1.0251111805608912
ST-2898,성북구,720,0.7548755459777341,0.7987713561155078,1.0250737549125364
ST-1858,금천구,720,0.7517755109082631,0.8115202846915227,1.0241986826282197
ST-2499,동대문구,720,0.8552244313569978,0.774312104480299,1.022166486123705
ST-2133,강북구,720,0.7063472383893026,0.8675741381131424,1.0218973682850456
ST-3170,영등포구,720,0.7371613165102434,0.7979320724753399,1.0208106059739768
ST-2247,서초구,720,0.8321833195855309,0.7219317861859744,1.0198758380714148
ST-727,동작구,720,0.8019140394261437,0.8421164469306289,1.0195571942763608
ST-3407,종로구,720,0.8176145066989461,0.8397438193623827,1.0193547106686942
ST-432,마포구,720,0.8810230404311158,0.6414132153692749,1.0193521157485155
ST-2664,서초구,720,0.9046012541654042,0.9144024788070653,1.0189553585223028
ST-3218,노원구,720,0.6933551880440462,0.6983893910916711,1.0182835073712748
ST-36,서대문구,720,0.7649243919877107,0.723779153181614,1.0178799846971978
ST-636,동대문구,720,0.7394479519702982,0.7863915729418818,1.0169355158493405
ST-2208,서대문구,720,0.8521000118425186,0.84974155977705,1.0164890025226154
ST-1464,중랑구,720,0.7320285670534612,0.7463050349714829,1.016263572751959
ST-1034,강동구,720,0.7737541657158752,0.7359445956999604,1.0159721655322873
ST-2214,서초구,720,0.7562704386489898,0.7379725045663635,1.015927225359172
ST-2217,서초구,720,0.7983650528639468,0.8123249906636467,1.0151846854675337
ST-2703,강서구,720,0.8386968931664023,0.7551240970054328,1.0147189456703685
ST-3335,강동구,720,0.8099954908229274,0.48240422898902,1.0142365860875608
ST-1940,금천구,720,0.7959650154441156,0.7357317705402364,1.0141609073129756
ST-3039,성북구,720,0.7906040059708104,0.810875653703727,1.0139533714191986
ST-23,마포구,720,0.8413626742245842,0.8358380651662287,1.0132076053780066
ST-2730,강서구,720,0.6913340552930025,0.741269440535046,1.0129620800106933
ST-2558,강서구,720,0.8838830494491572,0.7010471166646007,1.012385535526853
ST-2459,강북구,720,0.783045673691495,0.7605662643339037,1.0122853442763808
ST-693,동작구,720,0.7378353439289277,0.7968275663735104,1.0119764573284113
ST-117,서대문구,720,0.9091572101540281,0.6207679420819213,1.0111929945926543
ST-1873,송파구,720,0.8088438303178579,0.7489269764863657,1.0109345019027052
ST-3269,도봉구,720,0.7314667575981855,0.7979501105676816,1.0107964287994435
ST-3146,양천구,720,0.8197632426587631,0.8520738419656095,1.0102162223276956
ST-31,마포구,720,0.7400481364231825,0.8203650532083259,1.0099771133117073
ST-84,마포구,720,0.7602367033609081,0.696411955923226,1.0099492580229719
ST-2446,용산구,720,0.7329477887370984,0.8265513573652088,1.0098124395843193
ST-870,용산구,720,0.7148121355812621,0.8253241389119643,1.0097219994317093
ST-944,중구,720,0.8726559812787,0.8193864030533291,1.0095737279498926
ST-194,서대문구,720,0.7841165838812086,0.8405750719936501,1.00947468064029
ST-331,중구,720,0.8623177067388924,0.7500607546143134,1.0092426933128655
ST-2528,마포구,720,0.6217573136188618,0.8271056550478422,1.0092182995653363
ST-613,동대문구,720,0.742271020388792,0.843433628310343,1.0090473840424086
ST-236,영등포구,720,0.8637571485290843,0.8360678540447547,1.0087431770362123
ST-605,동대문구,720,0.7696565665037501,0.8095959967151478,1.008456938763947
ST-1460,성북구,720,0.722638967292647,0.7617131443402363,1.0084040312624203
ST-2500,동대문구,720,0.7550495412341536,0.7358669117704916,1.00798882644674
ST-1507,강서구,720,0.8734555934320999,0.6647130747075262,1.0075389372101475
ST-3198,동대문구,720,0.8651135637230809,0.7173433584448103,1.007495590919212
ST-1899,서초구,720,0.8463954749789276,0.7563251779054472,1.0067727656979515
ST-2096,동작구,720,0.7845183344885533,0.7796031480869701,1.0059864197520498
ST-1771,도봉구,720,0.7909253416456521,0.7668974140357757,1.0057553935110295
ST-3205,영등포구,720,0.8415689888692663,0.8671280919781617,1.0050664043797934
ST-2124,강북구,720,0.8202070031753483,0.6488897727059413,1.0046582319374524
ST-2916,송파구,720,0.7922603519358633,0.7055780548580084,1.0043906508286633
ST-1817,종로구,720,0.7846468738391078,0.7884794565965764,1.0026469910968412
ST-589,성동구,720,0.8200938782083812,0.6083029463845673,1.0026302627991985
ST-2728,강서구,720,0.7390900951886162,0.740121127287866,1.002574853900916
ST-3358,강동구,720,0.7487059788909246,0.6538524508793748,1.0024786792403146
ST-2355,강남구,720,0.7991995269793234,0.7729917628197827,1.0016982719510106
ST-2821,구로구,720,0.7885503630551276,0.7237583422307408,1.001205141598702
ST-3082,용산구,720,0.731895223673111,0.7643453229192545,1.0009152408946627
ST-1439,중구,720,0.74328085846863,0.814592164349923,1.0002963207316269
ST-3147,강동구,720,0.7506350687566761,0.7557230394186233,1.0002799414033017
ST-3004,송파구,720,0.73199658426027,0.7129824293246382,0.9995778238581242
ST-351,종로구,720,0.8420675380218348,0.9132556872901315,0.9992165556450019
ST-3006,마포구,720,0.747826842603604,0.743142001228863,0.9985400158545699
ST-2995,관악구,720,0.7940243908708944,0.668312674492366,0.9984681894177118
ST-2232,성북구,720,0.8177348211523177,0.7573560945462265,0.9981823166551684
ST-2757,송파구,720,0.7867545560242579,0.7544687002283827,0.9977610344740063
ST-187,중구,720,0.7324925950847864,0.7420743549226341,0.9972914993454333
ST-1875,송파구,720,0.7946379316518042,0.6970060591963159,0.9967684527320513
ST-1564,강북구,720,0.8025703875580422,0.6323761025334055,0.9955744994287473
ST-320,중구,720,0.7940469238034535,0.7583421786223832,0.994976903484013
ST-1500,양천구,720,0.7028550512494075,0.7011556612262541,0.9948216830529831
ST-2172,관악구,720,0.7358941440309192,0.8088514588008506,0.9945150603931432
ST-2621,송파구,720,0.824267851334398,0.7843202652403458,0.9943560356935527
ST-1588,송파구,720,0.7866579374854107,0.6575083137706039,0.9942037027701783
ST-1267,송파구,720,0.8205780040780307,0.7433159085313616,0.9919261767172796
ST-140,서대문구,720,0.77501598940398,0.7654777478082749,0.9916833935342495
ST-2673,강남구,720,0.7831803725145007,0.8278547819245577,0.9912102512588825
ST-1881,강남구,720,0.8742033121682152,0.853690999388961,0.9904392817766995
ST-2235,서초구,720,0.7845426812133458,0.7330328121799454,0.9896331307236088
ST-234,성동구,720,0.804367756929106,0.8097516224375652,0.989337737587433
ST-405,마포구,720,0.7533184192465765,0.6663237019314965,0.9891239953109787
ST-248,영등포구,720,0.7235589599675378,0.7762404910175963,0.9889681747549917
ST-781,양천구,720,0.7429574457600373,0.765750320878536,0.988538480265338
ST-163,서대문구,720,0.840797557395814,0.7259328075737105,0.9880753696692927
ST-2062,동작구,720,0.7184120256396052,0.7141687847833572,0.9876657140455886
ST-451,종로구,720,0.7307615492157638,0.6882280896125815,0.9863754677780976
ST-1131,도봉구,720,0.8497948528063733,0.8093754955328036,0.9861373291145695
ST-2696,강동구,720,0.7358730582997087,0.7192548969106642,0.9860593566076408
ST-41,서대문구,720,0.7257158059936677,0.7234905503585392,0.9856151652397561
ST-2745,강서구,720,0.7206092805652632,0.685216168369544,0.9850460663271497
ST-533,성동구,720,0.8407724723518737,0.7623712363427587,0.9850243246643932
ST-3384,송파구,720,0.7705763819185287,0.8614269002892639,0.9847465761011561
ST-452,종로구,720,0.6936225738583973,0.7543745301603886,0.9846241072670842
ST-1171,강서구,720,0.7478519201038795,0.7900118474441616,0.9832037802759231
ST-1763,강동구,720,0.8324213532415256,0.6208231701637443,0.9825437813857467
ST-635,동대문구,720,0.8679341282839117,0.5009361190349761,0.982210463041589
ST-338,종로구,720,0.8294115791090704,0.7784018349834005,0.982150648246735
ST-298,영등포구,720,0.7258902591351042,0.6807491127481679,0.9817128010808015
ST-2866,용산구,720,0.713607405453202,0.7693705707990725,0.9811811277911325
ST-125,종로구,720,0.7995699385247323,0.6444860429487416,0.9791178883234347
ST-2207,서초구,720,0.7943799003672031,0.675692226465687,0.9788319065246328
ST-345,종로구,720,0.7474721489411631,0.6925273600541948,0.9786139622835018
ST-629,금천구,720,0.7223711347540962,0.753515536218294,0.9769481394763605
ST-3317,동대문구,720,0.7728404359137776,0.8001033703608917,0.9768589433717398
ST-770,양천구,720,0.7968594017022673,0.8111826096993746,0.9762684079115328
ST-2295,중랑구,720,0.780183389538355,0.7347542889807965,0.9760318624765454
ST-1884,강남구,720,0.7893308958904276,0.8335436265627357,0.9758727124244877
ST-977,은평구,720,0.7280004764505946,0.849280021544154,0.9756255032116011
ST-811,용산구,720,0.8115820534782278,0.7155949599715216,0.9755757773254103
ST-2842,관악구,720,0.7995487548657831,0.769599250815663,0.9739627893348217
ST-3399,도봉구,720,0.7249180268372805,0.8371748575848698,0.9739404356921333
ST-2212,서초구,720,0.7604255921026748,0.8157296012268174,0.9732165540709913
ST-1877,송파구,720,0.7537373181328098,0.7598601238231505,0.9731815333767894
ST-2417,강남구,720,0.845468564726744,0.7723882221553207,0.9730890208000835
ST-2195,관악구,720,0.7367716044782041,0.7315791038042725,0.9712081911824193
ST-2293,서초구,720,0.7085991263259446,0.7145506917813017,0.9711139235303554
ST-715,관악구,720,0.7276086668312337,0.7544310894185491,0.9699198944284301
ST-511,성동구,720,0.7757874866081961,0.7646550267803829,0.9695703532072213
ST-3346,중랑구,720,0.7609178393856948,0.7283833482043431,0.9687297717938096
ST-1605,노원구,720,0.7657212789523713,0.8020007508235822,0.9678367809293401
ST-803,강남구,720,0.7177781094687126,0.7674579074655188,0.9676586081153331
ST-732,동작구,720,0.8232713651908494,0.3552283146127781,0.9673149279878063
ST-1559,강남구,720,0.8009962678613098,0.7864167991607987,0.9663181266662025
ST-1906,구로구,720,0.7317415983490169,0.7131260453710885,0.9658843180650246
ST-1238,구로구,720,0.8192966481395318,0.5721563654582281,0.9647799179782418
ST-897,송파구,720,0.7719543896114157,0.6681505707061104,0.9631175879924628
ST-2097,도봉구,720,0.6649840171909044,0.730474648449947,0.9620615434101651
ST-1250,송파구,720,0.7116236696341462,0.7008572539042516,0.961870862361788
ST-144,종로구,720,0.7559260810177924,0.8064135431276447,0.9616725822211764
ST-2806,구로구,720,0.7410648336425778,0.6826497940681753,0.9616424514145958
ST-2530,서초구,720,0.7015163478590977,0.7147962009223905,0.9613060122694262
ST-1381,성북구,720,0.7754311316743805,0.6450893332816375,0.9601277048176766
ST-1909,서초구,720,0.7094991867381625,0.7833858300878375,0.959526781625392
ST-1016,강동구,720,0.6776834456280751,0.7047965468396326,0.9570847717614703
ST-406,마포구,720,0.8312755543751409,0.7457903698775766,0.9566850002018339
ST-3369,광진구,720,0.8148587935824376,0.6436382589900732,0.9563460453220703
ST-2435,구로구,720,0.705524718743818,0.7837234386148507,0.9546731140150034
ST-1360,성북구,720,0.7563135811997026,0.7764839113679688,0.9545708789935429
ST-2535,서초구,720,0.7854263902871736,0.6987434308014205,0.9543739128408129
ST-3169,은평구,720,0.7429481072882282,0.6027724269569514,0.9530993923812477
ST-1619,노원구,720,0.7692142285310583,0.7543056567260676,0.9527568449253548
ST-2756,송파구,720,0.8882318980681332,0.8078920834874831,0.9510518546121157
ST-2104,관악구,720,0.6348828259106781,0.7410295576702209,0.9500112642929949
ST-1058,강동구,720,0.698601648449914,0.6805784582696903,0.9492674112709186
ST-1429,중랑구,720,0.7080594726584182,0.782714832686313,0.9491945193533176
ST-138,서대문구,720,0.7287958871052418,0.7652090871763019,0.9486898915319782
ST-2000,구로구,720,0.7590734087714218,0.7882685833658002,0.9486058374363306
ST-1193,강서구,720,0.8825122874962454,0.8141254564662194,0.9485864053037645
ST-677,구로구,720,0.7324140828473307,0.7875162227286386,0.9484059258763482
ST-2845,중구,720,0.7342909847283642,0.7174819597994927,0.9484043220131808
ST-1259,송파구,720,0.7809590426372323,0.7120985648619359,0.9481021668114125
ST-448,은평구,720,0.7535097608005248,0.7200086271315608,0.9466737530902202
ST-2685,강남구,720,0.8214611810928091,0.7183254574240949,0.9457183534814159
ST-3412,종로구,720,0.7846268677399613,0.8357705452382644,0.9456245796107965
ST-973,은평구,720,0.7426731663009871,0.7549354211214188,0.9455847166927984
ST-757,양천구,720,0.7505300666919716,0.8057246949587966,0.9449062350193821
ST-2199,관악구,720,0.73318279935753,0.6627112321336669,0.9438923088554607
ST-247,영등포구,720,0.8497065228591155,0.45076278679388443,0.9435946615129904
ST-2478,강서구,720,0.7026913726984793,0.6900977869608277,0.943133033665313
ST-116,중구,720,0.8955272920565881,0.8633828922833499,0.9429298391038107
ST-1761,도봉구,720,0.8070597310177978,0.6808166333728289,0.9427418332564821
ST-2276,서초구,720,0.7158876448739758,0.7665596940870307,0.9424241067712286
ST-200,영등포구,720,0.727395673064122,0.7492437909592541,0.9421522737039326
ST-1025,강동구,720,0.721833098911793,0.6848888126328502,0.9419815901277494
ST-808,용산구,720,0.744674575617322,0.6812968788076506,0.9419488392667551
ST-3149,노원구,720,0.7604844314680428,0.7692209291719497,0.9418681213580122
ST-2813,구로구,720,0.7404421544801667,0.7411798304591584,0.9407500432797147
ST-2585,송파구,720,0.6776671518986154,0.6450403024590147,0.9399124922137799
ST-717,관악구,720,0.6645698770548046,0.7005884864738516,0.9398645646958289
ST-1886,강남구,720,0.7806560830446583,0.7410104651180487,0.9394533528654349
ST-3343,송파구,720,0.8184296620857985,0.7789928261548339,0.938429686875904
ST-765,양천구,720,0.7126880407769483,0.7735733040490377,0.9381251647995101
ST-690,동작구,720,0.7309461604796408,0.7510649710564882,0.9380415657241635
ST-471,중구,720,0.684251824721657,0.694998673700181,0.9371714630016863
ST-900,은평구,720,0.766663755459968,0.792438927242266,0.9364729841084457
ST-2940,송파구,720,0.7607268738574114,0.6241053765267311,0.9360453013166795
ST-92,마포구,720,0.7460078873732575,0.8070205418693213,0.9350583823946034
ST-3274,노원구,720,0.8464026025575785,0.7265673851049017,0.9344809619790374
ST-1675,노원구,720,0.890153018493973,0.3538035374469227,0.934109897734588
ST-868,노원구,720,0.7057997586141472,0.7109794443905993,0.9339195622997307
ST-884,관악구,720,0.7246812083485875,0.7229103942460842,0.9334634941475854
ST-2962,서초구,720,0.8323304707565683,0.5704694393854434,0.9334525019012765
ST-931,은평구,720,0.7475322091467147,0.7561939173288384,0.9313490246031193
ST-2632,송파구,720,0.7109510458330754,0.6023397770539157,0.9276632268909787
ST-242,영등포구,720,0.7353507566754408,0.7405113710579654,0.9274264964316431
ST-1072,강동구,720,0.7467167956457437,0.7655286975975701,0.9272214342311534
ST-1887,강남구,720,0.7602947687681141,0.6572275558018856,0.9266104407299507
ST-725,양천구,720,0.7038127002532417,0.66433743571498,0.9263157999801597
ST-3291,중구,720,0.6834988336003793,0.7039524211635865,0.92574697254398
ST-2578,송파구,720,0.7301342745925903,0.6485473662900727,0.9254881409347039
ST-1329,은평구,720,0.7590319052511841,0.7006272340931993,0.9251586964559999
ST-1365,성북구,720,0.7326058392465103,0.770702803235641,0.9240705415648321
ST-1667,노원구,720,0.8282978496782545,0.5632635173289989,0.9235321593279532
ST-572,성북구,720,0.7706621453298481,0.7579785758035992,0.9235122560707114
ST-887,관악구,720,0.7245140411867586,0.6842355295140956,0.9234754139516993
ST-568,성동구,720,0.6892818000030203,0.6899909151406513,0.9217266304303483
ST-2250,서초구,720,0.7248762696105706,0.697680552045766,0.9213158524162283
ST-740,양천구,720,0.7979054118229154,0.7942327663413922,0.9210900602564129
ST-1004,강동구,720,0.823109604877806,0.5303329428037808,0.921059050859965
ST-1447,중랑구,720,0.6625657289991377,0.6782491431670621,0.9207373185731318
ST-1528,강북구,720,0.7049774224478599,0.5982338626943691,0.920190126887121
ST-81,마포구,720,0.7245257332425337,0.6686518168106906,0.9196579908340633
ST-3409,송파구,720,0.6645594954613127,0.6760949691618607,0.9186638179035684
ST-1404,중랑구,720,0.7125117134645713,0.665368638132375,0.9172526964581464
ST-3196,금천구,720,0.6924034399561899,0.616160338216034,0.9169359044190134
ST-148,마포구,720,0.7568498847024295,0.8094440014593507,0.9160913809884107
ST-2956,은평구,720,0.7267694666283546,0.6089266300478761,0.9156290965034976
ST-2733,강서구,720,0.7106306024170076,0.6062336059125437,0.9154315234118968
ST-457,종로구,720,0.8199227883456656,0.3241672315881642,0.9153991976279946
ST-1655,노원구,720,0.7057526974318549,0.7431409214393336,0.9129739633670343
ST-1888,강남구,720,0.7582559898278736,0.7658217950487679,0.9127999113793371
ST-1423,강북구,720,0.6666483169469003,0.6746375922137016,0.9118316557944466
ST-3413,종로구,720,0.6085876134669183,0.7110931835075699,0.9118174713722602
ST-1892,강남구,720,0.6740564448037885,0.6739326924949594,0.9114780046165761
ST-2357,강남구,720,0.8196034774316784,0.618205049857888,0.9095994862011542
ST-1696,노원구,720,0.8879498162306549,0.7126031357947414,0.9090974692413608
ST-77,마포구,720,0.6918388355228721,0.6235990021240355,0.9078749512165928
ST-952,은평구,720,0.6584425164526024,0.6187486174858783,0.9077276950149584
ST-1367,성북구,720,0.6297829172989573,0.723221568850958,0.9070502696487709
ST-1962,구로구,720,0.6921295209792855,0.6400457449349508,0.9068107663254239
ST-2001,양천구,720,0.7499981272663359,0.678958909385384,0.9066571082122478
ST-777,양천구,720,0.6799942466791404,0.7396853688567362,0.9063429138138409
ST-1051,강동구,720,0.6826057162340322,0.6001032667941703,0.9061963748335534
ST-2187,관악구,720,0.6612174246917296,0.6939837298652543,0.9060135165340995
ST-784,강남구,720,0.8181942670598445,0.8682341065698853,0.9058398990514197
ST-2190,관악구,720,0.7945954367436566,0.5241572649658576,0.9054727170940551
ST-1373,성북구,720,0.7556504516738715,0.6939180483139177,0.9051940433581076
ST-1598,강동구,720,0.7158838446427064,0.6891119819812582,0.9038607038983628
ST-37,서대문구,720,0.6896248558253042,0.7091161343164225,0.903571233350938
ST-879,서초구,720,0.7197375689664504,0.6171465043328414,0.9021058068288847
ST-1048,강동구,720,0.6241463396475839,0.7420325588344214,0.9018933918456603
ST-1903,서초구,720,0.6411975771305021,0.6751137274797573,0.9017654837303051
ST-2215,서초구,720,0.8082178240150526,0.5990427596614358,0.8997734566238389
ST-186,마포구,720,0.6477067255746607,0.7073466666913595,0.8995334215498372
ST-3211,영등포구,720,0.6666614262738286,0.7049903349253348,0.8993834223417816
ST-2877,송파구,720,0.6841214875113937,0.6524603677554314,0.8993258220464027
ST-762,양천구,720,0.6830962404519669,0.7069804384092688,0.8990916965164363
ST-743,양천구,720,0.723883285943325,0.582141475825803,0.8987821548307439
ST-624,동대문구,720,0.6339801828088085,0.6868713515139484,0.8985611165586368
ST-1164,서초구,720,0.6778717322545362,0.6508800131899675,0.897928232220692
ST-1445,중랑구,720,0.8480404800366748,0.47901441387546617,0.8978761760705792
ST-796,양천구,720,0.6593612456322288,0.7153485016475102,0.897462750344296
ST-3307,강남구,720,0.6801670861609886,0.6195486112675332,0.8971947682071099
ST-738,송파구,720,0.6729521543685539,0.6813833385365352,0.897061768620247
ST-3234,강북구,720,0.6942617151622182,0.6512141193905084,0.896663789579516
ST-1773,중구,720,0.6120201799792763,0.5898911808858348,0.8965160401709441
ST-2437,용산구,720,0.6504546523193997,0.629650618620613,0.8955382649275274
ST-2827,동작구,720,0.7173388561210875,0.6766896109689865,0.8953632980313606
ST-2707,강서구,720,0.7158635068217761,0.7810812426469834,0.8931112924186196
ST-3189,구로구,720,0.6330024602485941,0.6248019172521617,0.8930807516175554
ST-2782,은평구,720,0.6446945250383797,0.765447619220889,0.8923471187907249
ST-2239,서초구,720,0.8393230503466532,0.8823167758750798,0.8920760328528008
ST-19,마포구,720,0.718559167464052,0.7363060713452746,0.8919785129819933
ST-1566,강남구,720,0.7306380764158318,0.8028428164229411,0.8916202531305554
ST-2723,강서구,720,0.6992925838031877,0.6870730596394357,0.8912493428807644
ST-2674,강남구,720,0.6471270484867032,0.6668874552867242,0.8910239233875007
ST-1371,강동구,720,0.6483878358211999,0.5519019019455582,0.8910055782016182
ST-1085,강동구,720,0.687374550196517,0.7427850320022954,0.8905862264196078
ST-2408,강남구,720,0.6865283349516106,0.6285403135032588,0.8898342445886865
ST-1782,중구,720,0.7784295220185485,0.72040403619653,0.8893147849269726
ST-924,동작구,720,0.6926738153477592,0.7123484338376992,0.8884032723563621
ST-813,용산구,720,0.7187458986688122,0.7269785799460927,0.8883505537519554
ST-3063,노원구,720,0.6665610501703365,0.6425070839609147,0.8876919764784439
ST-633,동대문구,720,0.6851825497405761,0.7079366221156276,0.8864292499465803
ST-2788,강남구,720,0.6944653464638466,0.6694836388785599,0.8858249943904958
ST-3197,도봉구,720,0.6259782509201735,0.6680297693640963,0.885204529675765
ST-901,송파구,720,0.660913489383794,0.6342865619908912,0.8846111284056598
ST-439,용산구,720,0.7863154888238174,0.7521729427160813,0.8843304051549687
ST-1844,강동구,720,0.6827736613420101,0.6594014708949776,0.8833333446298819
ST-3054,용산구,720,0.9069284638483396,0.2828482817252938,0.8824228377867788
ST-425,마포구,720,0.7947754024116429,0.6960034025865809,0.8821061511168949
ST-2776,은평구,720,0.7448091307640138,0.539285971977282,0.8819211173810252
ST-1742,도봉구,720,0.8407343901498756,0.16774167119031855,0.8812400345607077
ST-1597,강동구,720,0.6604366730850084,0.6922183399107611,0.8811238692199734
ST-2966,강동구,720,0.6981610374950236,0.6355117315431273,0.8795165503305521
ST-2677,강남구,720,0.6047870228337889,0.6835756961798659,0.8789249490796588
ST-1537,강북구,720,0.6452125340173419,0.6320361258513171,0.8783108349645808
ST-2113,관악구,720,0.6825654084743595,0.6626625823121574,0.8769751071085905
ST-2335,강남구,720,0.6851995737065445,0.672707603470847,0.8768214814841255
ST-1059,강동구,720,0.6418576497462719,0.6423261589000878,0.8759872715623159
ST-2947,강서구,720,0.6679465004204074,0.6732550487078187,0.8758075715128835
ST-764,양천구,720,0.7273237257809835,0.644633007659952,0.8754865711424866
ST-1165,강서구,720,0.7488185968102397,0.7376663620386888,0.8752237970718566
ST-2830,광진구,720,0.7539944568708481,0.6041686621277099,0.873684595645046
ST-2229,서초구,720,0.7265029605013203,0.6788000230164322,0.8734151438298862
ST-641,동대문구,720,0.6305576060171906,0.6194356033630203,0.8730158646749261
ST-3114,서대문구,720,0.6848110699584595,0.7189290303270265,0.8723415460185775
ST-1276,금천구,720,0.6079787477973645,0.6568744257172149,0.8723087259832141
ST-3155,동대문구,720,0.7092814463994668,0.6949373253522153,0.8716106937775433
ST-1101,강서구,720,0.7491935206967434,0.7527299591658352,0.8716011684950216
ST-1427,중랑구,720,0.7106581470141674,0.6075859170769502,0.8715863770271302
ST-779,양천구,720,0.6229257385001085,0.6480762713586815,0.8714016339620088
ST-332,중구,720,0.8802573089365092,0.40515270674327614,0.8706881791749944
ST-802,용산구,720,0.6716934079673499,0.707683891684926,0.8694604828434693
ST-2480,강서구,720,0.6416664824486996,0.6327304777933881,0.8690453013767427
ST-165,서대문구,720,0.6807612337072666,0.7697982072821025,0.8686306014526805
ST-3150,송파구,720,0.795813332818453,0.595256919406427,0.8679873354835345
ST-932,은평구,720,0.6052366737441109,0.6863284262588215,0.8674079315544023
ST-2663,서초구,720,0.6823005792361448,0.6812931784937079,0.8673966150492564
ST-1110,강서구,720,0.751564977262044,0.6859669849981651,0.8670666990070701
ST-2416,강남구,720,0.6078606093052783,0.6324125894370898,0.8668812839248872
ST-1129,강서구,720,0.8366979789910768,0.2801841469906792,0.8665672988674014
ST-1019,강동구,720,0.6275948635347135,0.6816692398945043,0.8661819976166184
ST-1075,강동구,720,0.7112690081989039,0.6915777135378445,0.8661745661314018
ST-219,영등포구,720,0.8103055144459729,0.3953573848466717,0.8646381688910155
ST-1449,중랑구,720,0.7141818170865716,0.5424211223626023,0.8636162751533558
ST-1032,강동구,720,0.6570292615933311,0.6400264955133066,0.8634437923785582
ST-963,은평구,720,0.8537192155304247,0.5014461915183136,0.8633452688146435
ST-1553,강북구,720,0.7001229082348479,0.602524144573189,0.8626528260431883
ST-3394,강남구,720,0.7262840821447559,0.7451371295963066,0.8621155256985915
ST-3250,영등포구,720,0.6897763856557695,0.6188915907620968,0.8620637295783113
ST-386,광진구,720,0.7095709912194939,0.6105813884604219,0.8609828279394061
ST-1140,강서구,720,0.6379905650482598,0.6184745745151692,0.8602346935455103
ST-1426,중랑구,720,0.6763923743352158,0.6734852338774705,0.8598975152900956
ST-22,마포구,720,0.6240073562523623,0.6705046163952777,0.8598971908938202
ST-1406,서초구,720,0.7368055293174646,0.7339893503794984,0.8598951178389784
ST-3126,은평구,720,0.6599349709458606,0.5968115700288273,0.8590790349083548
ST-820,용산구,720,0.703399106650749,0.667362633016753,0.8584764565464105
ST-2103,관악구,720,0.685683579228698,0.5813816320336223,0.8571337908890909
ST-1042,강동구,720,0.6601446957566723,0.6412124450563793,0.8548162551098026
ST-1871,송파구,720,0.6463206158932052,0.6826837798098222,0.8543781101359087
ST-586,성동구,720,0.6130430016864465,0.6406251226399984,0.8523278755993146
ST-2935,성북구,720,0.719738507821233,0.7596876143991506,0.8518240786816303
ST-889,서초구,720,0.6791334953707513,0.6902686735470676,0.8500633074516142
ST-1122,노원구,720,0.6953733746909418,0.6527403833643508,0.8492656619170251
ST-2667,서초구,720,0.7031886209862303,0.5759478766591388,0.8489654743765327
ST-1416,중랑구,720,0.636561804072307,0.6278897275137238,0.8477246973085312
ST-1246,송파구,720,0.655212370463706,0.6853206104280807,0.8473696126456296
ST-1437,중랑구,720,0.6399650720906461,0.6282332131353144,0.8469496557669893
ST-1387,강북구,720,0.6202715127828741,0.5755276321622352,0.8468306408169034
ST-2804,구로구,720,0.6828150909245512,0.6521660939960378,0.8462323470200519
ST-2644,송파구,720,0.5319678492743442,0.5120659992354025,0.8456654628233159
ST-2301,강남구,720,0.7205659102028678,0.7229616454279066,0.8442553972336297
ST-3255,중구,720,0.593324813432365,0.642673644853271,0.8441498015208911
ST-951,관악구,720,0.6350743992841874,0.5958262695914315,0.8439749855322176
ST-1038,강동구,720,0.5926300520158952,0.5104062502236415,0.8438257282676622
ST-2201,서대문구,720,0.7111312642338489,0.7586812087383293,0.8437274123902002
ST-1386,성북구,720,0.6345639397787056,0.6332853432679196,0.8434278306800178
ST-648,동대문구,720,0.6122950632861363,0.6116054424953673,0.843100879547022
ST-652,동대문구,720,0.6986400144331278,0.5999799094042986,0.8429529157865893
ST-1766,강동구,720,0.6793758670616477,0.583223886126547,0.8420519350105888
ST-89,마포구,720,0.7435193833268134,0.6913396191961307,0.841004066972287
ST-3370,강서구,720,0.6678562360349348,0.4719999895046251,0.8399328449303305
ST-1501,강북구,720,0.6730791946075747,0.6139035131803553,0.8398827293773234
ST-2069,동작구,720,0.6380601643973561,0.5896286303780018,0.8397862456360514
ST-2985,송파구,720,0.6277821347264866,0.6071556752057196,0.8391258301299362
ST-1777,중구,720,0.6298024710228476,0.6440694499991163,0.8387980143668466
ST-964,은평구,720,0.7316305287623386,0.6780209751001253,0.8383996689254589
ST-3025,중랑구,720,0.6558002834922159,0.49785900855519716,0.8380889705543445
ST-3206,영등포구,720,0.6410939246194246,0.6814388759257318,0.8372443504931719
ST-1885,강남구,720,0.7466822098071895,0.7488064283147269,0.837208607604104
ST-1141,강서구,720,0.5526161926246179,0.5808137030588277,0.8352847615235626
ST-3033,서대문구,720,0.6485691717066941,0.6002048187990662,0.8330590642081923
ST-1049,강동구,720,0.6080451134571444,0.6456496792350539,0.8330043776434715
ST-96,마포구,720,0.706953192837578,0.4952860604816487,0.8303645809247383
ST-178,서대문구,720,0.6549008543873082,0.5157851915402406,0.8288979699612136
ST-113,마포구,720,0.7498421859336393,0.7205548431895761,0.8281648734089782
ST-3207,영등포구,720,0.6808857809853645,0.6150379324580892,0.8281004771699815
ST-1552,강북구,720,0.648883246152495,0.5297064137905998,0.8279820640910002
ST-348,종로구,720,0.5944885226194324,0.5657499643043656,0.827471784366635
ST-3385,서초구,720,0.6391690751825566,0.592864433926294,0.8271185132200988
ST-1966,구로구,720,0.5998142307149775,0.6292052391251368,0.8270160734644693
ST-3202,영등포구,720,0.6784505039089695,0.6543092553590987,0.8268959935786451
ST-531,강서구,720,0.739972148981835,0.42256193610306036,0.8267253720083615
ST-3247,송파구,720,0.6568437077297802,0.6059608865819737,0.824867664183278
ST-2607,송파구,720,0.5916580425302861,0.5869665479102903,0.8227806200604287
ST-1941,구로구,720,0.6873591562776458,0.4083203907713724,0.822730027333838
ST-584,광진구,720,0.6856108645880585,0.41746973353686767,0.8223974102499872
ST-1468,중랑구,720,0.6801132869005221,0.5714807574989422,0.8223198693394148
ST-3038,성북구,720,0.6833429880996708,0.6223597997582492,0.8220366954294202
ST-938,은평구,720,0.6618376746376008,0.5730999360666973,0.8212706917958477
ST-1269,송파구,720,0.650142401315924,0.6137952628625223,0.8202661637939477
ST-651,강북구,720,0.5975229711289728,0.5958160388946467,0.8194757661543162
ST-2521,서초구,720,0.6607043242561151,0.6594147660946734,0.818323126052216
ST-2164,관악구,720,0.6665511016384716,0.636239731776338,0.8171973025710584
ST-440,마포구,720,0.6293349800164052,0.6113728336106786,0.8169468743976842
ST-245,영등포구,720,0.5141548375072699,0.6331828895114306,0.8150744060762106
ST-450,종로구,720,0.5744702598921777,0.5471052074950402,0.814034391064977
ST-3349,서대문구,720,0.5830767641855831,0.6238917580436676,0.8137076462337578
ST-3320,성동구,720,0.5685072929305964,0.6305631784574431,0.8134950365274735
ST-3023,중랑구,720,0.5907455035950313,0.5995520451243549,0.8134348042673308
ST-1706,도봉구,720,0.6334469821717701,0.6140291743566146,0.8131297451421757
ST-1213,송파구,720,0.5906118824635482,0.6198193520070399,0.8125294134419416
ST-2923,종로구,720,0.7146429833937368,0.5461142583127534,0.8117123491134633
ST-2356,강남구,720,0.5915128025554984,0.5504085775161757,0.8116268894747798
ST-1207,송파구,720,0.6041631305561186,0.6289261176765378,0.8102095239804706
ST-2382,강남구,720,0.6045474414839567,0.602192743364941,0.8099795829826999
ST-759,양천구,720,0.5899557148711972,0.6736120505571356,0.8097235736878272
ST-2671,강남구,720,0.6815569068507176,0.6546728124358747,0.8095730952764622
ST-2808,구로구,720,0.6095130385897368,0.638124033441899,0.8086951006290594
ST-814,강남구,720,0.635868922943836,0.6222682581052245,0.8081698923699197
ST-1725,도봉구,720,0.7795395272830457,0.5086193248754763,0.8077298239796079
ST-2127,관악구,720,0.7203442773803984,0.7112483147542367,0.8074732570543535
ST-2484,강서구,720,0.5889370024100387,0.6412717108884551,0.8066712472911923
ST-3305,관악구,720,0.6875264137368077,0.6596676369268587,0.8062916491915737
ST-768,양천구,720,0.739068539570824,0.5010345213547611,0.8049063364546198
ST-2166,마포구,720,0.7251500376435575,0.544611296512922,0.8043026625261608
ST-3415,종로구,720,0.63480461466901,0.5722246922705184,0.804249390567351
ST-2102,관악구,720,0.6036906305704418,0.5726977651171382,0.8040076581337645
ST-389,중구,720,0.6313994122765931,0.5530175385397506,0.8030817054330702
ST-509,강서구,720,0.7072193975599446,0.6084756068000139,0.8023113811549346
ST-2752,강서구,720,0.6179105572893127,0.552812150127608,0.8022893188651993
ST-2941,송파구,720,0.6418784946984606,0.6108757426167782,0.8014305013070467
ST-3078,강남구,720,0.7247015631543212,0.5912239407093196,0.8012493782989466
ST-266,영등포구,720,0.6076393733956663,0.633184875997923,0.8009553250583937
ST-1732,도봉구,720,0.5975968980904515,0.5626660829246245,0.8007656737263988
ST-40,서대문구,720,0.6289775560519758,0.6063828015908824,0.8005682507884208
ST-1028,강동구,720,0.5709210555960661,0.5823489918408384,0.800121146184499
ST-2380,강남구,720,0.6164582844837521,0.6549033273616469,0.7989456518525059
ST-2837,강남구,720,0.6971896141578443,0.6025862589701892,0.798461862428861
ST-1809,금천구,720,0.7180459229681229,0.7252738581406398,0.7982510605153756
ST-233,영등포구,720,0.7298110697905373,0.5995150696893762,0.7966412406023936
ST-2244,서초구,720,0.667223305342135,0.6152298009008688,0.7965890726676914
ST-3035,중랑구,720,0.5767423107947831,0.6014472861789965,0.796529241499004
ST-1993,구로구,720,0.6689407535696797,0.33867934032290564,0.7962444967271256
ST-2032,동작구,720,0.6231845460832872,0.4515667624780718,0.7961920194702492
ST-782,양천구,720,0.6511644837350274,0.5773195137440067,0.7955308830564412
ST-686,동작구,720,0.6645681955391712,0.4175395572240023,0.7946419167103826
ST-1734,도봉구,720,0.5733475397948993,0.5505581064018538,0.7932046334718257
ST-2720,강서구,720,0.5468300539069408,0.6447368479924303,0.7923812585959413
ST-2587,송파구,720,0.6547527949359713,0.5958962711755624,0.7923035366361902
ST-2908,노원구,720,0.6268152138430397,0.6458522289930413,0.7922025534099545
ST-2631,송파구,720,0.6414213349722918,0.5986792336049455,0.7918436117903489
ST-1664,노원구,720,0.7088261811727509,0.4183961301770377,0.7889583602694107
ST-1785,중구,720,0.549757020812055,0.5866786510668187,0.788369380970238
ST-1920,구로구,720,0.5799274859296374,0.6272455279046907,0.7870739253435077
ST-1235,송파구,720,0.6437911217222541,0.5199337418227283,0.787014846325905
ST-2676,강남구,720,0.5597974287316116,0.5848528390862631,0.7864424221713686
ST-2649,송파구,720,0.6644119283255562,0.4932859791470891,0.7862984457644888
ST-3254,강남구,720,0.6037706739669385,0.5814287900227016,0.7859699803681772
ST-220,영등포구,720,0.6689493494917021,0.6381775613375243,0.7853574603413188
ST-1484,은평구,720,0.6343390576754854,0.610638485694711,0.7850073349646266
ST-2725,강서구,720,0.6225031211352662,0.595461249512354,0.7841538426337366
ST-2907,노원구,720,0.7304606574847035,0.3144275228427786,0.7841258487576834
ST-1480,중랑구,720,0.6377702688473428,0.6852105745629911,0.7819411478499851
ST-2627,송파구,720,0.5183058879951219,0.5431306220387428,0.7819146259868491
ST-526,성동구,720,0.5901814935344732,0.5955382673895413,0.7816905218643999
ST-1212,송파구,720,0.5741621413273568,0.6239889320201666,0.7811835383769663
ST-1498,양천구,720,0.6561772677133487,0.44314409871743676,0.7810497112684875
ST-2976,마포구,720,0.7662700685935175,0.1561806296051616,0.7804098274791875
ST-956,은평구,720,0.7079639672248809,0.6926433515925027,0.7804080258568918
ST-1902,서초구,720,0.5673552290832361,0.5987495236376857,0.7787877426667738
ST-1535,강북구,720,0.7135313796733903,0.35030976071443126,0.7785119369613849
ST-2191,관악구,720,0.5702993421381828,0.5954846657837908,0.7783675300569467
ST-1758,도봉구,720,0.7072719861462328,0.5528512188068262,0.7781374091798666
ST-2634,송파구,720,0.7305976751804418,0.3334440499527406,0.778062425721551
ST-773,양천구,720,0.6105851047137687,0.5787607020038257,0.7775723492423171
ST-1896,강남구,720,0.7453245217954592,0.6186345214565775,0.7773232804551816
ST-1853,금천구,720,0.6471316760383298,0.7193451774420764,0.7770460043607149
ST-2737,강서구,720,0.6702067217347024,0.47021655442950483,0.7764319623248014
ST-1442,중랑구,720,0.6193202626318193,0.6305679843161658,0.7741189927227854
ST-3312,강동구,720,0.6110452198470789,0.38258634457601304,0.7740183272829984
ST-1410,중랑구,720,0.5522668267354546,0.5707619346574254,0.7725121789913072
ST-638,동대문구,720,0.609249359043755,0.5769337594754935,0.7724666400065883
ST-719,양천구,720,0.6424133332118733,0.6114789499177788,0.7723557911981456
ST-767,양천구,720,0.7057004339714904,0.8004558355937034,0.7720826439003279
ST-1465,도봉구,720,0.5957372472236893,0.6556183737253021,0.7708427229136513
ST-1527,강북구,720,0.5961029667824083,0.5102972124976143,0.7695555896612111
ST-3166,관악구,720,0.6083748315231537,0.5716266655416449,0.7694695168313932
ST-3081,용산구,720,0.6165365826462684,0.5833402451474992,0.7687049633769607
ST-3058,은평구,720,0.6258835285316512,0.6487271694492871,0.7676865583231033
ST-1379,성북구,720,0.591734959269136,0.5065567153547524,0.7674577277604195
ST-3285,송파구,720,0.6035082577118982,0.5498716456868653,0.767388157163488
ST-1669,노원구,720,0.7707918810571114,0.06154981495703521,0.7668573046461917
ST-197,중구,720,0.5449873389377363,0.6072786171336583,0.7667602622829749
ST-221,영등포구,720,0.5906414709433,0.4929094686498684,0.7665744768021789
ST-470,중구,720,0.6114936100912339,0.5814153512011169,0.7662076300521378
ST-2959,영등포구,720,0.5613336718530411,0.54486184249059,0.765872893713513
ST-2119,관악구,720,0.6100635541996615,0.5702755137420422,0.7654732719908761
ST-1295,송파구,720,0.525441829085652,0.6226769741601891,0.765188193546283
ST-3138,용산구,720,0.5455892105123564,0.6567087400678215,0.7649490945613067
ST-2691,강남구,720,0.625424342880977,0.48643856144252484,0.7633415529627415
ST-1762,도봉구,720,0.6021483265905943,0.5612989947696417,0.7627637019840299
ST-2567,강동구,720,0.6060844771103806,0.57299521426047,0.7616556619937057
ST-1674,노원구,720,0.6966516567170296,0.20595163611452744,0.7611004226595821
ST-226,영등포구,720,0.596223191380746,0.5516830086189817,0.7609861641117928
ST-1970,영등포구,720,0.6835838731879339,0.5333265277282822,0.7597911023790099
ST-2969,중랑구,720,0.6918702604616461,0.3730122741925118,0.7597595119523428
ST-1102,강서구,720,0.6863102574523592,0.3688759677141901,0.7588376953153736
ST-608,동대문구,720,0.585252433738974,0.6079884492375988,0.7583106328852451
ST-3302,강남구,720,0.5719013174755422,0.5768441903533416,0.7575177604015824
ST-1008,강동구,720,0.5835591570783426,0.5637574421115217,0.7570305454395099
ST-1389,강북구,720,0.5155161198988315,0.654735301904558,0.7541638487861555
ST-167,서대문구,720,0.5532648427286286,0.5596897973827976,0.753991457857417
ST-2261,은평구,720,0.7201333421715513,0.3718163502837219,0.7539076060426585
ST-2839,강남구,720,0.6695560355847038,0.6893991046172958,0.7523027678941485
ST-1486,은평구,720,0.7476345381974268,0.23014886123381018,0.7521674822167957
ST-2520,서초구,720,0.5848014923217973,0.6271917177535459,0.7518590201710301
ST-2980,마포구,720,0.6708747833158019,0.3712908705302317,0.751728700964093
ST-3055,구로구,720,0.5247971238637188,0.5683751290300516,0.75135560381268
ST-1575,강남구,720,0.7351093003685233,0.3905371279690409,0.7512556411124918
ST-2028,강서구,720,0.6805878274049908,0.3572711360657614,0.7500875895016907
ST-1724,강북구,720,0.6590582154244128,0.3650654519165694,0.7489402397517246
ST-723,양천구,720,0.6108059006081493,0.5495878908523782,0.7488855174116857
ST-467,중구,720,0.6013148759221587,0.6236496017776497,0.7474262311215182
ST-3386,강남구,720,0.563255021444443,0.5679583667902506,0.7472449958077659
ST-2795,UNKNOWN,720,0.514639620545531,0.539141235890376,0.7467950453356949
ST-354,종로구,720,0.5727280343708058,0.6081831372441994,0.7465199508794542
ST-1306,성북구,720,0.6230559975652409,0.5686835262125994,0.7453866339111737
ST-329,종로구,720,0.5674781055290786,0.6813783427133311,0.7451818462004125
ST-2432,중구,720,0.5442693351449118,0.48692817580711273,0.7447944159995674
ST-2575,송파구,720,0.6358560470133816,0.5886644691083895,0.7446071590234252
ST-691,동작구,720,0.580924259182047,0.5687700977232654,0.7438986902329596
ST-1384,성북구,720,0.550803417333554,0.5741153688706752,0.7433765082344962
ST-822,용산구,720,0.7036889823290745,0.51380430561102,0.7427390110466067
ST-1283,송파구,720,0.6735563435884292,0.5832018286906708,0.7417069788144522
ST-2584,송파구,720,0.5886747107440143,0.626960722005625,0.7414934419256142
ST-1229,송파구,720,0.5726259867445117,0.5283513166536825,0.741485633728913
ST-80,마포구,720,0.5909815365003499,0.5488540734761146,0.7411306408816086
ST-2153,마포구,720,0.5334983298650716,0.5567856289891644,0.7399123200852
ST-2704,강서구,720,0.6903694621159754,0.27341290945099667,0.739749886968826
ST-2588,송파구,720,0.5691891667384562,0.5461197275972982,0.7386862183909042
ST-2439,용산구,720,0.6310378827233226,0.5665212261307688,0.7382664618392675
ST-2174,관악구,720,0.5373384762624809,0.5211248185498976,0.7381659713282618
ST-2646,송파구,720,0.5884097230060635,0.5289096655221278,0.737605008769647
ST-2750,강동구,720,0.5245263169057359,0.5648340754283608,0.7367330147972014
ST-795,양천구,720,0.5631693039012012,0.571618423964328,0.7364163790477088
ST-1120,강서구,720,0.5419976902669039,0.5627312535992657,0.7361415216262237
ST-3159,용산구,720,0.5662167111005564,0.5468073308197586,0.7359758980429537
ST-859,용산구,720,0.5624842522534448,0.5404353970985656,0.7358396962373989
ST-667,동대문구,720,0.5833788430952419,0.47261623284691934,0.7346270362199704
ST-819,용산구,720,0.5482358425749554,0.6206115253302545,0.7343648347350032
ST-1786,중구,720,0.5394206185916147,0.5258840912969502,0.7339256220800672
ST-3024,중랑구,720,0.6051493533724764,0.4523381388022894,0.7338666063128595
ST-2511,서초구,720,0.7336969475715891,0.053789875744257615,0.733580141088231
ST-1114,노원구,720,0.5810207260922823,0.5801123115292182,0.7333946244646515
ST-1585,송파구,720,0.5870172503704455,0.6671736265425288,0.7321970727014245
ST-154,마포구,720,0.6703682473386146,0.6693936961161637,0.7321729877815086
ST-2405,강남구,720,0.5241883913907779,0.6071007002014214,0.7320670094588997
ST-1971,구로구,720,0.6847529812478977,0.7358454547787366,0.7319415390694242
ST-709,양천구,720,0.4978976239699049,0.5510904546126519,0.730491176732915
ST-1012,강동구,720,0.5583062687961902,0.5604396865554656,0.7298609974553807
ST-1520,강북구,720,0.5755387429923425,0.4571478082449073,0.7295111757379767
ST-2267,동대문구,720,0.6290457059585555,0.46736209899365605,0.7294116413267306
ST-2801,구로구,720,0.5733248905903088,0.5164142126226101,0.7290634636280847
ST-1077,강동구,720,0.6195924403957774,0.4446111523000542,0.7271923843485832
ST-1774,도봉구,720,0.5539566693375345,0.5274576942072474,0.7261381776931335
ST-2869,강남구,720,0.6513732415280779,0.45807457758739417,0.7255934278150256
ST-1615,용산구,720,0.5829762291223902,0.5971094164213239,0.7251164466185874
ST-2227,서초구,720,0.5479487753906291,0.47552709399582005,0.7242432446266468
ST-2279,서초구,720,0.517037062989054,0.5169738095350043,0.723917382984246
ST-860,용산구,720,0.54475571246151,0.548864025024919,0.7232570259117712
ST-1716,도봉구,720,0.5167334839266005,0.5603021160477,0.7232479801670193
ST-1816,종로구,720,0.6013338673281894,0.5484051433391803,0.7231186400326215
ST-571,광진구,720,0.6469303739662582,0.5416665405988905,0.7223791386781664
ST-3228,성동구,720,0.5632723775476074,0.5675038398280582,0.7215863088851584
ST-1173,강서구,720,0.5706057075781095,0.5882739521485204,0.7213460110523844
ST-1952,구로구,720,0.49615314046339387,0.5558493464825234,0.7202711116604441
ST-2243,서초구,720,0.6846101105499335,0.15375830788869882,0.7202597618318489
ST-966,은평구,720,0.5823221295430169,0.48785720812776356,0.7199367870481146
ST-1882,강남구,720,0.6119730082835978,0.5783583308881207,0.7194453705298751
ST-3360,서초구,720,0.605556502870317,0.3633012684294371,0.7188090666657282
ST-3020,마포구,720,0.5450021452478231,0.521691536509716,0.7185315652085874
ST-1955,구로구,720,0.5467809079220807,0.5317906409147212,0.718054947538437
ST-2743,강동구,720,0.5412796118851577,0.5109788698401795,0.7180353049091246
ST-1189,서대문구,720,0.5559412490661301,0.5665125628899743,0.7177534676405343
ST-2514,서초구,720,0.6328184817668667,0.6108672965452062,0.7162636837035748
ST-594,성동구,720,0.6224020545456925,0.4197912662409261,0.7159022230800954
ST-1154,동작구,720,0.489204423885185,0.48895271128539936,0.7158714319183497
ST-1795,송파구,720,0.7193445462488433,0.6357177144507064,0.7155177215390356
ST-3281,강서구,720,0.5483508836098078,0.5422441565066264,0.714408612186173
ST-199,마포구,720,0.4821132405295822,0.5401770729637313,0.7135309206776351
ST-381,중구,720,0.6376495908216772,0.5639567030180893,0.713135414066058
ST-3273,송파구,720,0.6240998064798876,0.41564361345271156,0.7127993852699096
ST-2474,강남구,720,0.4931284201619626,0.5418229833200191,0.7125523941596243
ST-957,강남구,720,0.6115550014412825,0.5543535495137857,0.7118360036354234
ST-959,은평구,720,0.6526535538559217,0.42817251914289145,0.7100907431171736
ST-3127,서대문구,720,0.6389878761802124,0.2889702784362244,0.709764441419947
ST-3208,강남구,720,0.5594472435806631,0.5029952292224098,0.7090515513914404
ST-2666,서초구,720,0.5417231219204597,0.5202620307995266,0.7075182231529041
ST-2600,송파구,720,0.48482965857409493,0.5357279150072084,0.7070452414805845
ST-990,마포구,720,0.5932758864970323,0.49905355889725495,0.7064840493922111
ST-1311,서초구,720,0.5377040648239846,0.5312523294565163,0.7062195503257772
ST-3243,강남구,720,0.5043144805221673,0.5476735488531079,0.7060835840095815
ST-1245,송파구,720,0.5608421253891247,0.6134900427005822,0.7056764488986894
ST-3190,UNKNOWN,720,0.6770787374025923,0.2933270203101957,0.7055064168842982
ST-3378,성북구,720,0.5782650334643523,0.5537827303096745,0.7054994641867326
ST-1128,강서구,720,0.6033491299707965,0.5245606042459804,0.7053263459016524
ST-559,성동구,720,0.4779496029029039,0.4891850629716335,0.7050264330232555
ST-590,광진구,720,0.6372229102519009,0.25746182730922285,0.7044807888989546
ST-1039,강동구,720,0.5505335532193334,0.4830986507778102,0.7044617871457947
ST-2455,용산구,720,0.5357506804428765,0.5145376338020204,0.7026478444441827
ST-475,중구,720,0.5196051108016232,0.5670456859134074,0.701725839485985
ST-790,양천구,720,0.49267980815628815,0.45204805574643403,0.7016483751388911
ST-3056,용산구,720,0.5567033775068956,0.5757162534285291,0.7013232697810515
ST-2525,서초구,720,0.5871848370508831,0.5556135912631202,0.7000712665976694
ST-1965,구로구,720,0.4844366631015524,0.47358973481459604,0.6997138610962264
ST-1534,금천구,720,0.4892048319101013,0.4644334799237214,0.6996070253690538
ST-2917,노원구,720,0.5210024796144277,0.48690091779208894,0.6973889348381873
ST-2175,관악구,720,0.6476027289763336,0.3263620339590536,0.6956798422827905
ST-228,영등포구,720,0.5591030044098042,0.5712713812008846,0.6954419526624344
ST-2526,중구,720,0.5339618021041435,0.5173744802284995,0.6941245742533886
ST-2779,은평구,720,0.5301675725020485,0.5272011929363098,0.6939771509233612
ST-1144,금천구,720,0.5344835235087871,0.40216018282265775,0.6928299701794329
ST-3005,마포구,720,0.6282518490596651,0.4962724056030721,0.6920738329562314
ST-3292,노원구,720,0.4962814010422367,0.4306386761307779,0.6909436544904246
ST-2441,용산구,720,0.5140415686944029,0.4817454096418473,0.6904893372187823
ST-2263,서초구,720,0.5261281158181809,0.47207855644348,0.6902925679060075
ST-1211,성북구,720,0.5028409176783579,0.5152556226870015,0.6901385871502763
ST-1682,노원구,720,0.5722250720494443,0.39164786092186377,0.6898238425524924
ST-1772,도봉구,720,0.5771651820120012,0.4652402214266685,0.6886557222257603
ST-2938,송파구,720,0.5274311355576151,0.4218914766310823,0.6880020057403101
ST-954,은평구,720,0.5623289549669159,0.4604376045950562,0.6876521249894247
ST-2442,용산구,720,0.46488605733455546,0.5096275207788523,0.6863656858997882
ST-2517,서초구,720,0.563418077027279,0.5020837503105658,0.6861309236401509
ST-2736,강동구,720,0.48353565778065843,0.5078951081023081,0.6857123838904743
ST-1775,도봉구,720,0.5382417334694367,0.5216164332932002,0.6854972539884772
ST-1485,은평구,720,0.5700074109261744,0.4544223665132406,0.6845723861509518
ST-991,은평구,720,0.5472363110805022,0.5347338019707273,0.6843228077070088
ST-1823,금천구,720,0.5572407860858725,0.40438606340183375,0.6840308622754988
ST-1665,노원구,720,0.4967298380654235,0.5499183485331768,0.6836170147809868
ST-2708,강서구,720,0.5811164418573859,0.2809238942287904,0.6828334599801564
ST-2271,서초구,720,0.5661047378426741,0.48389236938383784,0.6827461806204459
ST-1027,강동구,720,0.622194218844789,0.3338350142008128,0.6813619470345418
ST-2150,마포구,720,0.5868263059181948,0.5191298759319926,0.680634969183344
ST-1717,송파구,720,0.571521189967253,0.46778516254467206,0.6803848577272542
ST-3363,동대문구,720,0.5573128164232741,0.4163030846262795,0.6779615664757158
ST-2452,용산구,720,0.5387986331884842,0.5187396080687133,0.6765353337239542
ST-1262,송파구,720,0.4881326553370545,0.5076589962719239,0.6757983800039067
ST-1293,송파구,720,0.4744182432545531,0.48612687725217546,0.675111504490389
ST-3268,강남구,720,0.5476870897663767,0.49987411878460947,0.6735877999459294
ST-1936,구로구,720,0.43132596107126575,0.48881222480483494,0.673493077382996
ST-2568,강동구,720,0.4842399945315631,0.4673167892031929,0.6725787619902942
ST-2694,영등포구,720,0.5930731033190649,0.6082451326236196,0.6723551161184218
ST-1944,구로구,720,0.46182641948639147,0.48573341103655954,0.6721800514273325
ST-2744,강서구,720,0.47694536130509346,0.4775539175559601,0.6718389750871825
ST-968,은평구,720,0.5688450586113784,0.6398556455219745,0.6713793632075595
ST-701,양천구,720,0.618110856626115,0.26448673432436814,0.6712438370379424
ST-1939,금천구,720,0.5239098474267402,0.39597897342167215,0.670451745321792
ST-1082,송파구,720,0.44426875555254147,0.492261151967107,0.6703778995490552
ST-3222,구로구,720,0.4899485183693049,0.4642968286761619,0.6698323615231754
ST-1740,노원구,720,0.5565743132854502,0.34113672842240705,0.6677055838170197
ST-1055,강동구,720,0.4871499141078386,0.5150699773562015,0.6641648861201911
ST-1458,중랑구,720,0.48560977335839006,0.4705916694345047,0.6627006062912986
ST-2370,강남구,720,0.5367408294617194,0.48905886734069326,0.6626267983621575
ST-707,관악구,720,0.5780841813618305,0.2990115746596366,0.6612503651455698
ST-3184,강북구,720,0.5461153023745646,0.4209864079870384,0.6603078486027254
ST-2769,양천구,720,0.4766389144834873,0.3704940270308756,0.6596909028757063
ST-1432,종로구,720,0.5621542795334428,0.5951868720353946,0.6596040965241421
ST-3111,서대문구,720,0.4868106162721814,0.4705374989971185,0.6562927021735889
ST-2428,관악구,720,0.45289997576027063,0.4850229299551575,0.65594557598157
ST-240,영등포구,720,0.4564518306037727,0.4474346036737214,0.6557624082700689
ST-872,구로구,720,0.5066617373644644,0.4562361783130542,0.6556973567224655
ST-42,서대문구,720,0.5655183889200219,0.46860524245584867,0.6535460112009137
ST-1395,성북구,720,0.5294953055343871,0.43451915339964614,0.6527089320874402
ST-634,동대문구,720,0.4392709020533727,0.45761995864885036,0.6518583263638114
ST-441,중구,720,0.5231267403401025,0.4466057161657514,0.6518011713090494
ST-1179,강남구,720,0.4929952873180271,0.48301718452820996,0.6513828462870404
ST-2415,강남구,720,0.5532299168328979,0.35561534593334665,0.6511311660572178
ST-783,강남구,720,0.6011877418699666,0.33832726623311893,0.6490528784780464
ST-3232,송파구,720,0.509346851159727,0.4747787253670852,0.6479750962916103
ST-2882,강남구,720,0.5801164317815807,0.45732855814015716,0.6477606172450132
ST-2300,중랑구,720,0.5316518139514634,0.5502389292607193,0.6472251117780855
ST-3173,동대문구,720,0.48854442327424175,0.4390791380172117,0.647106045367946
ST-2401,강남구,720,0.49556070357636445,0.4533678759022086,0.64701260733566
ST-1616,노원구,720,0.4864240711742609,0.3645425908816795,0.6465885441057606
ST-1241,송파구,720,0.4863561315179689,0.41287284774366423,0.6446970815031101
ST-39,서대문구,720,0.5772035508977932,0.4451432578359183,0.6443723703601528
ST-1434,도봉구,720,0.4715219326870782,0.4655969401747181,0.6434484133804713
ST-1891,강남구,720,0.41507025499709677,0.5029316199815663,0.6419548111298211
ST-3106,동작구,720,0.41879279586882584,0.469126455702582,0.6415487756412356
ST-2909,노원구,720,0.5106156918989266,0.46285906107167096,0.6411440003114861
ST-2679,강남구,720,0.45411357126510415,0.44227634249218895,0.6407721060387734
ST-1309,서초구,720,0.592111136010816,0.19460271723886477,0.6405870137361557
ST-2101,도봉구,720,0.44574514085137146,0.4657239621746283,0.6403993937327805
ST-1934,금천구,720,0.44502990818082055,0.38296470618853445,0.6399756446297955
ST-217,영등포구,720,0.5573214487365047,0.46495506299708744,0.6381318476861284
ST-1433,중랑구,720,0.636648503518586,0.34369716414985135,0.6380797621501414
ST-1216,성북구,720,0.46857173747280406,0.37533991141618356,0.6374511831967671
ST-1799,종로구,720,0.42584397654154815,0.5002743130852154,0.6371163813482467
ST-2298,중랑구,720,0.4985772663775195,0.4682193785602693,0.6367436107272888
ST-1307,서초구,720,0.4372431352139526,0.4624912667752684,0.6357875959566607
ST-444,종로구,720,0.49771255631402617,0.504959984816622,0.6353232823241277
ST-2148,관악구,720,0.5163104183695881,0.45174377410289607,0.6350863416755271
ST-2516,서초구,720,0.49204496071486753,0.45219142886590674,0.634608063344854
ST-1695,강서구,720,0.4909916922952451,0.4564354648442727,0.6343088431950897
ST-562,성북구,720,0.5317115588577815,0.30486205514425735,0.6341699950325304
ST-1967,구로구,720,0.45729488441685395,0.48034926244590914,0.6335471705045178
ST-2893,금천구,720,0.5007931765101395,0.4038291174469481,0.6323605582934808
ST-995,은평구,720,0.5288762568449366,0.3438689524411358,0.6321123632058576
ST-745,양천구,720,0.5718880127749353,0.46456817549614626,0.6320019951798188
ST-804,강남구,720,0.5132485798029952,0.5066945559640387,0.6319933565990633
ST-720,양천구,720,0.5034158294439462,0.5292267063066194,0.6307131209589406
ST-224,영등포구,720,0.6029027939962615,0.1379117560391867,0.6296146549419034
ST-1327,성북구,720,0.4697646548938876,0.41111911774631277,0.6295180170542085
ST-1905,서초구,720,0.5644716116851882,0.5298397654174996,0.6280380104336349
ST-2361,동작구,720,0.4701767858072664,0.38543411338710915,0.6273426102934494
ST-1488,은평구,720,0.4808345780183722,0.4503178323125272,0.626113451447699
ST-3066,강남구,720,0.4993655288826718,0.4935675065135145,0.6258317560640554
ST-3076,은평구,720,0.5865745123605818,0.16533758165861046,0.6253323927756909
ST-794,양천구,720,0.44882078240413,0.4752240668028593,0.6251858383841337
ST-3096,강남구,720,0.4325303747568265,0.4494672486578319,0.6250589306940866
ST-2374,관악구,720,0.46276014735763055,0.4507790618920133,0.6241794537984515
ST-3298,서초구,720,0.4688870954515909,0.40325814903574825,0.6228253734932754
ST-3036,중랑구,720,0.5164703280347532,0.3155928491244432,0.6203934126392402
ST-2953,중랑구,720,0.5031804340742001,0.46778600957327343,0.620359174616503
ST-2643,송파구,720,0.5561745360704313,0.3646895258182694,0.6202853896196684
ST-3294,강남구,720,0.4584560277687164,0.42217152274546577,0.6186812564041937
ST-1648,금천구,720,0.47536826753323014,0.42459535219212596,0.6169763874018491
ST-1783,중구,720,0.5577390437584364,0.23274894303504898,0.6166670106980118
ST-2925,강남구,720,0.5033809808900704,0.4478381863437896,0.6158236720598994
ST-414,마포구,720,0.645195361364395,0.5437734987474366,0.6147071511234768
ST-2954,노원구,720,0.5068293198611268,0.3611433627232997,0.6140444225446015
ST-246,성동구,720,0.470043979054892,0.4687292123574955,0.6137484734843375
ST-2106,관악구,720,0.4883799227418575,0.3543640163471438,0.6133829740252976
ST-1177,강서구,720,0.5056061114767583,0.49807532513191694,0.6133798235830957
ST-3191,UNKNOWN,720,0.45693501640837,0.39106092627716854,0.6127028545588319
ST-2880,용산구,720,0.5364396553084716,0.30477725988353205,0.6124221156026801
ST-852,용산구,720,0.5061280590315732,0.3469052490744261,0.6121617722953501
ST-2841,강동구,720,0.4489850513793823,0.48423029139748563,0.6097019631365438
ST-1162,강서구,720,0.4503562016481046,0.4279268758275653,0.6094015355884393
ST-1735,도봉구,720,0.5526169881258863,0.3674092640527181,0.6089860383876472
ST-657,동대문구,720,0.43827171724983266,0.39875271856362426,0.6089548356701122
ST-2562,서초구,720,0.47655937128212184,0.32689206024913653,0.6086458180345358
ST-1356,동작구,720,0.4596856856440649,0.4726548599147706,0.6064958720689861
ST-3021,마포구,720,0.45658189540759025,0.46730054086971823,0.6064043495028049
ST-216,서대문구,720,0.5496191093526409,0.3529538449765594,0.6059149747869337
ST-3193,강북구,720,0.45498895660955896,0.43446476964173714,0.6048509634684246
ST-812,강남구,720,0.5015677872412538,0.5313481559712794,0.6037564784433783
ST-1745,성북구,720,0.4530883345287001,0.3374409505896923,0.6034002304404286
ST-43,서대문구,720,0.4483919758380427,0.438693445506445,0.6030899393871617
ST-1935,금천구,720,0.45032366190717765,0.36179279393302344,0.6011295811219598
ST-809,용산구,720,0.5539089823237325,0.4540892746115058,0.6006480061696368
ST-1594,강동구,720,0.42752783919039894,0.42410309347942216,0.6006392930520758
ST-2393,관악구,720,0.5934205498315321,0.14437057467307898,0.5994973049826514
ST-2638,금천구,720,0.4235604969166274,0.4183138196819924,0.5990532975940472
ST-324,중구,720,0.5258833580742031,0.30176425996848344,0.5989341021848712
ST-532,강서구,720,0.5149752755649679,0.3020192321634742,0.5984294409871462
ST-1518,강북구,720,0.42266165748777185,0.38855270463372193,0.595269006227795
ST-3053,중구,720,0.6072202775958545,0.1476761513627855,0.5952329213495953
ST-2287,서초구,720,0.411295377807254,0.4997589525402071,0.594645751039411
ST-2194,서대문구,720,0.47427413603014357,0.4730061232201826,0.5942491211906341
ST-1383,성북구,720,0.4209915383294301,0.40678572495429827,0.5932512916437235
ST-775,양천구,720,0.5023690972050548,0.33478777193409415,0.5916039630018914
ST-2680,강남구,720,0.44352445278267627,0.44861471899291516,0.5913294436556088
ST-1277,송파구,720,0.3964230353819399,0.40477876981312916,0.5907004956757662
ST-2652,송파구,720,0.5628958199256164,0.16283644295922972,0.5905220097983485
ST-721,관악구,720,0.4956208975259727,0.33022629689672545,0.589713454245749
ST-3284,강서구,720,0.41082845910509935,0.44032668053923224,0.5896770057669666
ST-1156,관악구,720,0.466703387225811,0.44142093681061473,0.5895208551498179
ST-786,양천구,720,0.5508094083138078,0.2506704484322191,0.5858055741221936
ST-3383,영등포구,720,0.4264991460268053,0.2943024685699015,0.583604257414811
ST-3135,용산구,720,0.40412852430251484,0.4907552639637736,0.5828568300285967
ST-1248,송파구,720,0.3879474444628147,0.4411712144936226,0.581864966001127
ST-2824,구로구,720,0.44873034380585874,0.4265742353212244,0.5797135441751752
ST-937,은평구,720,0.4440341874074235,0.41200128391640034,0.5789541964416132
ST-543,광진구,720,0.4490540085162628,0.43018495792920736,0.5770930909063
ST-642,동대문구,720,0.4104185326971891,0.4191022745793311,0.5769784207600146
ST-1929,구로구,720,0.5142487516427322,0.2387548660930367,0.5766340088085653
ST-647,강북구,720,0.4790194322677348,0.46373708402881797,0.5762990836991354
ST-2219,서초구,720,0.40980673750291685,0.4148247729358284,0.5753995397316574
ST-1188,강서구,720,0.442066774071726,0.3777126762307762,0.5730622078244896
ST-1182,강서구,720,0.5297889103862505,0.532281595179938,0.5723891629412194
ST-3414,종로구,720,0.4487984557237991,0.4184699551333709,0.572173102907195
ST-1901,구로구,720,0.4382616397526151,0.46273747400671067,0.5715243186627231
ST-2598,송파구,720,0.450666649272136,0.44049608602327267,0.569942257911734
ST-1247,송파구,720,0.45608676729110703,0.4678026649621384,0.5687892472662465
ST-1918,서초구,720,0.41302548566384184,0.3445010897224482,0.5682736944641432
ST-168,종로구,720,0.49203988591007164,0.25002717453048395,0.567830599997723
ST-1670,노원구,720,0.45685628676960527,0.4630819298063554,0.5677631850675375
ST-886,관악구,720,0.44317188775721506,0.38334254908827214,0.5673324084024399
ST-2522,중구,720,0.4485558378659341,0.4645321797429307,0.5667348946802127
ST-3347,UNKNOWN,720,0.4907684512709635,0.45287122087553877,0.5666444462340515
ST-2927,강남구,720,0.4047211162679882,0.4495808613253064,0.5661028178288368
ST-3041,영등포구,720,0.4297388469182159,0.32878004883628353,0.5649793497726141
ST-2246,서초구,720,0.4641588329067974,0.27950286726457013,0.5646817656511056
ST-929,서초구,720,0.40896228228202847,0.35971163808174883,0.5644874010232591
ST-3108,강남구,720,0.5416731341047779,0.1844421519673639,0.5636872745819569
ST-2942,중랑구,720,0.4437261501356181,0.3040496604270839,0.5630369460023853
ST-3418,종로구,720,0.47989073030635776,0.4316249002496098,0.5594569228837476
ST-3161,중구,720,0.48866951934860164,0.37305688885057997,0.5590219967523865
ST-1538,강북구,720,0.39003461489420643,0.36808716594457724,0.5585585510241763
ST-2875,서초구,720,0.43266145129801675,0.44076981697335443,0.5580093477239995
ST-2872,관악구,720,0.43385855590000755,0.4485896528402485,0.5573290620559019
ST-1056,강동구,720,0.34042678081598154,0.36952127553743425,0.5561048568467787
ST-1252,강서구,720,0.4996396314294447,0.4048404506935321,0.5553818343684601
ST-2462,구로구,720,0.3916261524361291,0.37654062169219205,0.5547851322427336
ST-962,은평구,720,0.5484765982622798,0.20640808334819946,0.552154993422884
ST-1576,강남구,720,0.4096706200355685,0.31604778597772293,0.550392499461103
ST-3427,종로구,384,0.42483682033583287,0.4440088252450456,0.5487624842357691
ST-2367,동작구,720,0.5415155566914931,0.10518976134514078,0.5486705885927287
ST-3336,강동구,720,0.36976694831238116,0.4214708569379045,0.5482663964377489
ST-2617,송파구,720,0.45610239980962636,0.3751711630450425,0.5464672369800726
ST-2577,송파구,720,0.4228206911792448,0.4088580353149011,0.5464581206391861
ST-789,강남구,720,0.5124611252446942,0.20490873198069315,0.546035868240705
ST-1033,강동구,720,0.4101002267388017,0.40207923856953925,0.5456821069468903
ST-2196,관악구,720,0.41618265946093175,0.3856906097382268,0.5455824362026982
ST-1623,강동구,720,0.41944713771492914,0.38250510063591636,0.5442746610852471
ST-2624,중구,720,0.4216180675926481,0.33880468332622526,0.543925880993215
ST-3430,도봉구,384,0.3778975117664749,0.46259576900298544,0.54373017519762
ST-2828,구로구,720,0.4236745496151253,0.397442679059418,0.5434329556544046
ST-628,동대문구,720,0.37385586797230036,0.41485529287240636,0.5430691774894266
ST-2619,송파구,720,0.47384546664707367,0.22433495017344235,0.5425079373059992
ST-1392,성북구,720,0.4445948869025575,0.42801272703699855,0.5418052233209161
ST-3220,영등포구,720,0.53414052501939,0.06946135400001999,0.5413960190172309
ST-1180,강서구,720,0.5250145878866527,0.244646335849156,0.5412127770351195
ST-1143,금천구,720,0.4551587265762052,0.17506500704848924,0.5406794092376467
ST-3091,도봉구,720,0.4809362418962587,0.3378527986359545,0.5395856251926375
ST-230,영등포구,720,0.3967835940922478,0.4219500529274055,0.5387851542748947
ST-2684,강남구,720,0.456048431497919,0.4051275923038074,0.5371008358744461
ST-370,중구,720,0.39373671814470584,0.33801769863909453,0.537077167479028
ST-1789,중구,720,0.46595055005591235,0.25038635642980733,0.5349573825144336
ST-2931,금천구,720,0.36678882150653325,0.336113331651559,0.5344477139445271
ST-476,중구,720,0.4705984156733432,0.38230875403937453,0.5330253553346352
ST-1172,강서구,720,0.44400466895848517,0.4572183487831949,0.5327456147776763
ST-3134,서대문구,720,0.38114914944947653,0.371459235252178,0.5322272376133046
ST-2198,관악구,720,0.42513625588338494,0.335272656964623,0.5321546344419951
ST-2983,마포구,720,0.5242389056313246,0.08417468141817917,0.5314583776242017
ST-3290,노원구,720,0.36230718022268193,0.35891531964068546,0.5303873102150607
ST-2202,서초구,720,0.39321373421968664,0.34970546784662987,0.5296933712200181
ST-1708,도봉구,720,0.43203214857979405,0.3576259292268868,0.52905824256725
ST-3352,강동구,720,0.39275261638804826,0.4069007311040336,0.5289497549015281
ST-1957,구로구,720,0.4294812843694351,0.2658536038010262,0.5285111774093815
ST-3088,구로구,720,0.4550645296322164,0.36858691420563705,0.5279538075004322
ST-1852,송파구,720,0.4031837583678342,0.3702293258129578,0.5278368311537756
ST-2260,은평구,720,0.3459308815336145,0.371734558485492,0.5270726758107396
ST-2690,강남구,720,0.32011293810882885,0.4276211218890842,0.5269954227488758
ST-2838,강남구,720,0.3612376773173376,0.3515554778988331,0.5258633696640205
ST-1130,강서구,720,0.48753161885524804,0.14766696537946555,0.5245924066025227
ST-3237,구로구,720,0.5113410674457185,0.08976211276291728,0.5245630883159713
ST-2424,강동구,720,0.3808695290316868,0.3859765186294147,0.5241289563291939
ST-2497,동대문구,720,0.46489793229263593,0.39417861803463794,0.5209769640201581
ST-3027,서대문구,720,0.42984609321400113,0.40280137091692914,0.5206095307316724
ST-925,은평구,720,0.42144595481578345,0.2836018294949373,0.5195216146560376
ST-2469,용산구,720,0.3960792152320727,0.37123580497118336,0.5184948586551438
ST-2130,관악구,720,0.4198145613335315,0.37010442121397774,0.5179128393790907
ST-1634,노원구,720,0.42477417568993253,0.21283530155867988,0.51581998571626
ST-2288,서초구,720,0.3291903747920386,0.3749320231084867,0.5153525945801747
ST-1776,중구,720,0.44817249117000707,0.4227518278390634,0.5151334010754528
ST-2338,성동구,720,0.518426053961905,0.12403852736406978,0.5150663090077413
ST-2597,송파구,720,0.38205452823178154,0.3646581656946038,0.5140162239823436
ST-3154,강동구,720,0.3714703139900958,0.3348348151108334,0.5137390575285513
ST-1815,종로구,720,0.42635925439361444,0.16889909815758244,0.5133557028410248
ST-1870,금천구,720,0.4342997732516378,0.36325557775842393,0.5126152134627409
ST-238,영등포구,720,0.3715330715010113,0.3317217292058708,0.5124389379048407
ST-1824,금천구,720,0.41497324441067873,0.3257659770228575,0.5108960609433525
ST-1208,송파구,720,0.42062446060177244,0.3013168353839919,0.5103817528192869
ST-1921,서초구,720,0.3129968978149512,0.2959786756078931,0.5103221010748721
ST-3364,강남구,720,0.43090214998193416,0.36297508832742637,0.5102569058105244
ST-260,영등포구,720,0.3611271303283574,0.35776587213446776,0.5102445166399648
ST-268,영등포구,720,0.38781491440660015,0.322075204162616,0.5101745840707853
ST-2073,노원구,720,0.4880335920361747,0.10924012834278915,0.508950528974254
ST-2590,송파구,720,0.40029592058762054,0.33520777305361876,0.5055726221505287
ST-2163,마포구,720,0.36766204195855934,0.3599722362419545,0.5048905030247014
ST-2650,송파구,720,0.44688658984772783,0.2640724865104903,0.5047645582485362
ST-2949,구로구,720,0.33789250838271623,0.3558581545711585,0.5047214509717419
ST-2440,용산구,720,0.3995654342411099,0.37527916903973924,0.5045797102921258
ST-3064,동작구,720,0.4059870603740826,0.2443532183126113,0.5015969398389909
ST-1054,강동구,720,0.3746634054983089,0.4017553076898068,0.5006381111804374
ST-2458,강북구,720,0.38377367176052113,0.35256398562737584,0.49997998673093846
ST-2181,용산구,720,0.4706955668372648,0.19178137472089185,0.49916434804153664
ST-1618,성동구,720,0.3613585198795334,0.22226722542515873,0.49798171174089456
ST-874,구로구,720,0.39230579216648953,0.25019640008321153,0.4975369158626372
ST-3263,강서구,720,0.3518537331671272,0.28112628481324725,0.49748746427114604
ST-986,광진구,720,0.45674615768179794,0.12486580220076011,0.4952591270220434
ST-88,마포구,720,0.4048643308266128,0.3065976909791007,0.4950103757477056
ST-2302,강남구,720,0.30575423353888026,0.29546480822116294,0.4947060899842807
ST-880,서초구,720,0.38237292836317793,0.36694139401069603,0.4946792294864478
ST-1768,도봉구,720,0.36229780969925407,0.37898880528820056,0.49412153357126026
ST-3144,서초구,720,0.3922485132517032,0.36929693944938524,0.49390702594062597
ST-2628,송파구,720,0.33893668270433724,0.34239985984832505,0.4933634184389115
ST-774,양천구,720,0.35530753055099507,0.38386140247690614,0.49304971428835026
ST-2734,강동구,720,0.4187703488872639,0.31229921813128314,0.49283714030717213
ST-2343,성동구,720,0.3987994777878397,0.2956265104120819,0.48877317388720903
ST-491,마포구,720,0.4348350382777196,0.4562659477660453,0.4870073446942336
ST-3213,마포구,720,0.4573282206164956,0.13836801257905587,0.48542025428896324
ST-2780,은평구,720,0.41376994191828026,0.37846064484773856,0.4846890749714778
ST-2410,강남구,720,0.39629649847910436,0.37915361327717906,0.48172217742492673
ST-1463,중랑구,720,0.37252634329707335,0.20268620718712782,0.48171429166006513
ST-2586,송파구,720,0.3427832040911487,0.2838032534845502,0.48154601678448755
ST-1493,서대문구,720,0.511107392477536,0.2246580669148945,0.48147431340889685
ST-979,은평구,720,0.4138753349685235,0.204134909701876,0.4805502616299732
ST-1457,중랑구,720,0.3900564568565158,0.2789512977721662,0.4790541124647687
ST-3093,도봉구,720,0.3790621966724554,0.3364889908157069,0.47857441789046506
ST-2179,관악구,720,0.34883721302607756,0.32078902360399486,0.47778379244950064
ST-2262,은평구,720,0.388569287620861,0.35472576556716684,0.47761884273550853
ST-3245,강남구,720,0.37404296838150813,0.36403566923179337,0.47693971581686107
ST-2234,성북구,720,0.4732877027527091,0.12161584166914557,0.47556786585365113
ST-1702,도봉구,720,0.4353540272248567,0.11663069830760282,0.47490722294019505
ST-1958,구로구,720,0.4507894669186252,0.1403219389731324,0.4737711072178547
ST-2934,서초구,720,0.3903974052624841,0.35000282192935167,0.47373228572633147
ST-2783,은평구,720,0.34756459758185204,0.3718037307141808,0.47356064295728
ST-2781,은평구,720,0.4748798117361854,0.19925440004719203,0.4731693624216531
ST-1904,구로구,720,0.3695519140357982,0.3342666497269601,0.47048780829209347
ST-2913,노원구,720,0.37120698387593265,0.22508481246205822,0.46912001446719814
ST-3318,영등포구,720,0.4264664268809045,0.3255673083155803,0.46825389055459127
ST-3282,노원구,720,0.3119793781811301,0.3021980973923129,0.4674869271980006
ST-961,강남구,720,0.40768552807609537,0.20863354608683957,0.4664641947895122
ST-3271,마포구,720,0.4311476445287938,0.14861479283285667,0.46444621298443833
ST-3103,서대문구,720,0.3285907917061547,0.3019686664572567,0.46191411151675094
ST-2686,강남구,720,0.3311707098336064,0.31972210721446703,0.45962696948617476
ST-2656,송파구,720,0.38314873641063385,0.36431762997869277,0.4596044783789261
ST-731,양천구,720,0.30828564587658563,0.28933567240418506,0.459500532634668
ST-2647,송파구,720,0.3450153586657461,0.259378289858771,0.45820990900184216
ST-2829,구로구,720,0.3173954653119014,0.33927706286299936,0.45717962901597686
ST-1617,노원구,720,0.43770440509710085,0.0918131501933871,0.4566032719961142
ST-1391,성북구,720,0.3842872538216912,0.24218646638938576,0.45629362714326854
ST-2936,송파구,720,0.3524213611365936,0.3294743027361102,0.4554910513273705
ST-3428,종로구,384,0.3705875738298483,0.40913090517013956,0.45537370383949277
ST-1324,용산구,720,0.36607281591807467,0.18842105480039942,0.45417608668680015
ST-3377,영등포구,720,0.3653661240152198,0.27170871365319027,0.45325053190205444
ST-1568,강북구,720,0.4033116124576527,0.28465415254928156,0.4519736531694653
ST-1260,송파구,720,0.36915803923232704,0.24212739483558415,0.4504391442252578
ST-573,광진구,720,0.3952105215479013,0.1362765850598494,0.4504354709906107
ST-1746,성북구,720,0.3570782715126149,0.26486749205891474,0.45040715216633637
ST-3115,서대문구,720,0.34744127496455335,0.3584523154437252,0.450333939471789
ST-2241,서초구,720,0.40427406384648656,0.1701622448307621,0.4497812224444343
ST-1217,송파구,720,0.27604861259691815,0.28705933978250364,0.44928429807470627
ST-2433,중구,720,0.3404407130603745,0.3479450260206477,0.4483057334908628
ST-588,광진구,720,0.3238013385619301,0.2984855276081413,0.4472487470612925
ST-2682,강남구,720,0.4149438395794772,0.08574469698317308,0.44576450070995477
ST-1937,구로구,720,0.3816500354114525,0.3890859568203272,0.4454947149986621
ST-960,은평구,720,0.3502946302078558,0.32934726019517996,0.4444641951282674
ST-644,강북구,720,0.3383086090550455,0.33984001194396984,0.44291887288036347
ST-2616,송파구,720,0.3897202648539624,0.14252221971243367,0.44127167074956286
ST-631,동대문구,720,0.37219726676834014,0.2020036918165611,0.4406559262913413
ST-1096,중랑구,720,0.3128848823323647,0.362079869216574,0.43875243001944253
ST-490,마포구,720,0.3173992487856368,0.33016589087271814,0.4369065267073476
ST-763,양천구,720,0.3704539692705991,0.21341931121033245,0.43592295918318336
ST-2233,서초구,720,0.42087129359936165,0.06457886927484209,0.43389473114984456
ST-754,양천구,720,0.3191993234413691,0.3049120181457301,0.4334801621234042
ST-2645,송파구,720,0.3682901998403732,0.3161272876400173,0.4331095227554197
ST-2657,송파구,720,0.32609890939816,0.28072689315239013,0.4322396294552686
ST-1452,중랑구,720,0.2975430938315614,0.26040696124915597,0.43024370920608357
ST-560,성동구,720,0.3169617423654288,0.29032492649815544,0.42957246383508557
ST-3164,강남구,720,0.33856866978981465,0.3088293250586769,0.4282769849905503
ST-2182,용산구,720,0.40989702819553253,0.28167970398004016,0.4274783297909246
ST-2383,강남구,720,0.3313003646459891,0.29257128085982764,0.4256950234953773
ST-3178,강남구,720,0.3009982887821979,0.330925195458,0.4235872166721342
ST-275,영등포구,720,0.37694673492632896,0.18820135980429029,0.4231953762323907
ST-2910,노원구,720,0.24500293657958383,0.2750858449848469,0.4214967356863253
ST-2445,용산구,720,0.35022022369214445,0.2870532373385317,0.41909836015956115
ST-1571,강북구,720,0.33000986187618214,0.2908137238966582,0.4178792940617022
ST-1024,강동구,720,0.2777693190196464,0.2969658209677985,0.417401451350584
ST-593,광진구,720,0.30740527726012884,0.24930620128114456,0.41444336617120137
ST-1462,중랑구,720,0.23246590632721945,0.27391437778577044,0.41409744652567193
ST-1536,강북구,720,0.27474614917697626,0.2800874641304281,0.4119768727727993
ST-2221,서초구,720,0.4011011986807021,0.03500806060772413,0.4112353942354177
ST-1932,금천구,720,0.2749816498748435,0.2904920570904324,0.4105352237774558
ST-2337,강남구,720,0.3480965032538274,0.24994764460565796,0.4103231404039064
ST-2443,용산구,720,0.34784549621176036,0.28769475244097187,0.4094982082686684
ST-609,동대문구,720,0.27882818756447786,0.2989804595349797,0.40855497358324483
ST-1148,강서구,720,0.285911730901582,0.2623491718096628,0.4079424801435497
ST-3048,양천구,720,0.23040576557400566,0.28292209807258895,0.40666771671689694
ST-1948,UNKNOWN,720,0.30859132258242833,0.28571488266914336,0.4055536735830836
ST-2365,강남구,720,0.38574688692183745,0.05687982296880073,0.40462813316656504
ST-218,서대문구,720,0.3243540629575496,0.3085501766377096,0.4045073205450374
ST-1161,강서구,720,0.3435187470261401,0.23356410208925174,0.4028528266659859
ST-1233,송파구,720,0.29581111539344823,0.24836133805091706,0.40087715274472213
ST-1206,송파구,720,0.4065740195040675,0.1371351104053839,0.40074610404052446
ST-697,동작구,720,0.32513117821375537,0.20715797482352286,0.40053943436051137
ST-826,중구,720,0.3866107030177311,0.09246846528977432,0.3996026949776754
ST-3009,마포구,720,0.38044332614336035,0.08496262144037107,0.3994021665547847
ST-587,성동구,720,0.35700284931908133,0.1259455787167393,0.398381096816042
ST-2351,강남구,720,0.3747197473026311,0.10160922403182236,0.39797570733222265
ST-2615,송파구,720,0.35691839084049903,0.32941186265499767,0.39735396944185497
ST-2662,서초구,720,0.2864505874182763,0.2903854206306413,0.3969673254965715
ST-3299,노원구,720,0.2772077626184573,0.24796416025516924,0.3964121899941256
ST-507,강서구,720,0.29167405203223834,0.2684658044277349,0.3960411357260085
ST-1490,은평구,720,0.2713991861032812,0.21653888363720616,0.39565168556735125
ST-1686,노원구,720,0.26045777498461803,0.31092963609343377,0.39505371075650403
ST-1949,구로구,720,0.235265889953308,0.2938592631527068,0.3919589191428098
ST-756,양천구,720,0.3866842781849855,0.05814033276227014,0.39131647539796427
ST-469,중구,720,0.3624211284029463,0.1579472261218216,0.39071198417364
ST-1366,성북구,720,0.3329442792530004,0.19886831367391933,0.3877455459022569
ST-801,강남구,720,0.35970846514890653,0.29376946382998287,0.3824923919749805
ST-1348,성북구,720,0.29462133820255765,0.2140122004555574,0.38001858444716974
ST-1954,구로구,720,0.24843425709618144,0.23818527066754838,0.3791788521516237
ST-1883,강남구,720,0.25976558801505645,0.2754695639337484,0.37903597839892755
ST-1494,마포구,720,0.37032529369715717,0.11503089303655369,0.37897431868688986
ST-3045,성북구,720,0.35371659430859104,0.11474017307514275,0.3785869430749427
ST-817,용산구,720,0.30331442783654966,0.24835210576182595,0.37799947353057806
ST-1947,구로구,720,0.29047355912293094,0.27147028054324607,0.3767487341350358
ST-2453,용산구,720,0.28192698592566673,0.1745089863053367,0.3760789176817121
ST-2352,강남구,720,0.2780399602793722,0.2839143464728524,0.37524495765303667
ST-3275,중랑구,720,0.26891375282064595,0.2426407928862021,0.37421780493131757
ST-1969,구로구,720,0.34738221395143626,0.2933922546848621,0.3734009599865168
ST-2712,강서구,720,0.31022017727234846,0.1590137644706489,0.3729031316634075
ST-1031,강동구,720,0.3386181924790702,0.10960148387843836,0.37013607531664927
ST-1231,송파구,720,0.25169727165736405,0.28880336149516206,0.3695745572541477
ST-3406,서초구,720,0.31586487679806163,0.21550678915213264,0.36789624727707465
ST-3158,성북구,720,0.2748741723992956,0.23035534694465018,0.3675188098815312
ST-3107,서대문구,720,0.3157740728174523,0.24105081363534253,0.36645897856883974
ST-1798,종로구,720,0.26800573581466725,0.2250764305037607,0.3651743313929712
ST-1946,구로구,720,0.28418441537535877,0.18645109508928914,0.3646450860611557
ST-29,마포구,720,0.2949200020333431,0.24542464969481007,0.3605331491883359
ST-2937,송파구,720,0.2540226494513977,0.2842514190779904,0.3595801863831062
ST-3350,서초구,720,0.1622486436990365,0.3274427219266525,0.3572132656245571
ST-3375,영등포구,720,0.2996966480046035,0.23356988788519958,0.3564089405500165
ST-1828,금천구,720,0.33090799717832503,0.13675997328476436,0.3548449402590356
ST-2242,서초구,720,0.2813588821575071,0.24071515227967394,0.3546832521859441
ST-2675,강남구,720,0.2561250728693413,0.23788847162594184,0.35081329099194974
ST-1489,은평구,720,0.2580579814181296,0.1641422005886458,0.34865277740642886
ST-755,양천구,720,0.2755320140143334,0.19644833349935334,0.34410990158494725
ST-3097,노원구,720,0.262287386110981,0.20205738496587472,0.34161563087748226
ST-2488,강서구,720,0.18503364962072083,0.25351514462882235,0.3414575285463218
ST-941,은평구,720,0.3138818091875363,0.11628101190250556,0.336840026490417
ST-3037,구로구,720,0.28899238681941997,0.2258332882409799,0.3367479680426404
ST-1765,도봉구,720,0.2510189848654185,0.21868203013607632,0.3352668254701803
ST-1825,금천구,720,0.29565262947304477,0.13799616920857669,0.33202542820631836
ST-2178,관악구,720,0.2852940793568581,0.14549840467670055,0.33133525263254965
ST-2403,강남구,720,0.2520081477260702,0.18060039773066955,0.32908831341647515
ST-3028,은평구,720,0.25547840822772316,0.25196475293223797,0.328824354419191
ST-2648,송파구,720,0.27119354337020757,0.1597314285524274,0.3280957049869707
ST-2259,서초구,720,0.2485858269614476,0.21791481561555667,0.3262896268637675
ST-722,양천구,720,0.28748106405908364,0.1629579177701492,0.3256514233761171
ST-2448,용산구,720,0.21202922737190563,0.2220484296462868,0.32014976454459526
ST-583,성동구,720,0.281020180549671,0.10248048055956374,0.31697453180997154
ST-1310,서초구,720,0.27472227957615747,0.11080456397975187,0.31686466150105325
ST-2939,송파구,720,0.3175546001724605,0.04197303480045546,0.3161590266076591
ST-1414,중랑구,720,0.2746604589832978,0.17806455635998214,0.3144345107485853
ST-1826,금천구,720,0.2840150348811853,0.10719299802992405,0.31105101617370506
ST-2366,동작구,720,0.33458822772820696,0.08665553056375311,0.3110503382167279
ST-2161,마포구,720,0.24251312592675403,0.13734802878714647,0.3107959590932955
ST-981,송파구,720,0.28159427109575463,0.27916211659973883,0.30927666548299987
ST-1345,중랑구,720,0.22978279394975512,0.21714393871235246,0.3081648630582181
ST-1759,도봉구,720,0.29301290211176184,0.1222077729576997,0.3080890286496258
ST-3201,영등포구,720,0.2517926613768027,0.1538430007791539,0.3076288988613752
ST-404,동대문구,720,0.28807736231429365,0.254736252512556,0.3076033036979705
ST-2019,종로구,720,0.26510308405185273,0.13397569172081164,0.30737898001768604
ST-926,서초구,720,0.23097468524832412,0.186095946476945,0.3058582116256001
ST-2651,송파구,720,0.2754611355409808,0.10479185699541158,0.30574632965914916
ST-1945,구로구,720,0.22733465449360465,0.19054993012950136,0.3034317274655799
ST-2281,서초구,720,0.24477149045898305,0.20757570908047623,0.30333961542020504
ST-365,성동구,720,0.22654765926356385,0.1485150595557495,0.3029452665546461
ST-1917,서초구,720,0.3034914973873664,0.07464183338606276,0.2997444524325414
ST-3429,종로구,384,0.2013320184016614,0.30023967407448804,0.29704310189992494
ST-2461,강북구,720,0.21824828895824003,0.14799265662222594,0.2937209120143657
ST-2661,서초구,720,0.18226448979598892,0.1653378052431514,0.2920789046349962
ST-45,영등포구,720,0.22434290093580916,0.16000951698596863,0.2914109817887507
ST-2805,구로구,720,0.20905035139332062,0.1984534994895036,0.290162742969523
ST-2955,노원구,720,0.18896668031689653,0.1991819292716415,0.28871581866025137
ST-3348,강남구,720,0.2525215157619491,0.1728722541416769,0.28824566803008056
ST-1769,중구,720,0.2344623136470961,0.198206731754559,0.28590948581921377
ST-2183,용산구,720,0.26502395394983136,0.10564108454481909,0.2842836027770898
ST-661,동대문구,720,0.23705324989190962,0.10989945283734197,0.2828811443108871
ST-3306,구로구,720,0.17206637678919337,0.17542223668012577,0.2783394370456831
ST-2245,서초구,720,0.2717991791216686,0.08185830149557248,0.2776664981049539
ST-1950,구로구,720,0.16793252501432485,0.2080913170153293,0.27449360082605123
ST-2402,강북구,720,0.23758461805487346,0.14595007893243844,0.2743217645219102
ST-1801,종로구,720,0.19894704235582752,0.19222894371795307,0.27364984569023765
ST-953,은평구,720,0.21026363452313035,0.20606753049964688,0.2729213146808241
ST-1388,성북구,720,0.17470553255787177,0.15885821677567571,0.26737280051480244
ST-2123,강북구,720,0.2688362706610676,0.016979390266550456,0.2661641199118984
ST-2430,강남구,720,0.19121702561962017,0.17878138742397573,0.2633593039565632
ST-1747,성동구,720,0.2633373837943444,0.0009685261246429719,0.26296441210504
ST-3319,영등포구,720,0.20661852626345917,0.155839912065063,0.25902812671740627
ST-3423,강동구,720,0.2236743228840657,0.20483837026711882,0.2568177665615664
ST-2444,용산구,720,0.22864051392628595,0.1235581336471061,0.256439976780542
ST-3065,동작구,720,0.18790129300214437,0.17576385509832915,0.2553834518983415
ST-239,영등포구,720,0.22270210587160189,0.07123928217943241,0.25023479942822396
ST-1023,강동구,720,0.19710724617739067,0.21427763092341204,0.25005133807651764
ST-1544,동작구,720,0.21571811342419206,0.08930620714913944,0.24825371129768997
ST-2434,중구,720,0.1789122270685382,0.1743746093520955,0.2464130811662284
ST-196,서대문구,720,0.1976697879498959,0.11715718589345955,0.24434272441481297
ST-2926,강남구,720,0.16644057243038132,0.1774385981375819,0.24243614271161845
ST-902,은평구,720,0.19911969576759295,0.16698540290992564,0.2420331853860359
ST-939,은평구,720,0.19634760836299428,0.14642921534059206,0.23577907994574332
ST-2548,서초구,720,0.1640511735787162,0.11074258276821906,0.22576741668757233
ST-1438,중랑구,720,0.1653305850159844,0.09587380151457875,0.22491593887026443
ST-3180,서초구,720,0.20825895970046204,0.0687598583255912,0.2241292291711997
ST-1487,은평구,720,0.15949816301511763,0.1381028756743269,0.22402478722982858
ST-357,성동구,720,0.17693673334005763,0.18476156140008101,0.22269782872741473
ST-2519,서초구,720,0.17604713753607548,0.13481804961360064,0.21993624824443553
ST-3157,서초구,720,0.20879912400665177,0.03700833302353783,0.21610274026760173
ST-2989,송파구,720,0.18486410332857592,0.14881267157112613,0.21418147204212634
ST-2772,양천구,720,0.17659410665260433,0.10428238348144361,0.20742175021969536
ST-2369,강남구,720,0.1358301310665616,0.08820842720695818,0.2006222051694218
ST-2853,서초구,720,0.1419936680140882,0.09368483667664039,0.1968519455011634
ST-1315,성북구,720,0.1769143930609784,0.06979354530110352,0.19464113258901503
ST-3293,노원구,720,0.1873487275980447,0.16421427671913646,0.18392753388610472
ST-1953,구로구,720,0.10837137100737054,0.09624382231837618,0.17821194583748953
ST-3192,노원구,720,0.16962345687693564,0.09930475980151046,0.17473363740256187
ST-1557,강북구,720,0.14762052959136596,0.06350676451454774,0.17192208478028173
ST-1925,구로구,720,0.14103139182292992,0.04572796549217845,0.16839803346536378
ST-1956,구로구,720,0.09182544172589165,0.08927232595372595,0.15142401919256526
ST-3181,서초구,720,0.13287048203682922,0.018768663987142928,0.13484627480187392
ST-2970,성북구,720,0.08677081942904709,0.06507226819708617,0.12783089451275473
ST-2856,성동구,720,0.08843937911820389,0.08012299892930909,0.125676655797587
ST-2911,노원구,720,0.08711256653829517,0.06506771961421769,0.12134270839656476
ST-1355,동작구,720,0.07726252581552885,0.061856033388376544,0.12081697807801278
ST-48,성동구,720,0.018458992576242065,0.10732496168677276,0.11168973632091794
ST-3257,서초구,720,0.0647817003864994,0.05803946215262646,0.10134849909341138
ST-1561,강남구,720,0.0689659167137649,0.03439836386937364,0.08969281186554502
ST-1601,노원구,720,0.07776920909916621,0.014721834598477646,0.08881727363056353
ST-1562,강남구,720,0.057569835403295105,0.04857041501343757,0.08626565352615644
ST-1312,서초구,720,0.06929480376712283,0.03505580471392537,0.08625996289317076
ST-3270,노원구,720,0.0889919649577772,0.05696171529621884,0.08187602194417348
ST-1314,성북구,720,0.07143297147734537,0.02314274130636982,0.08130369714973845
ST-319,양천구,720,0.038922389988891824,0.06698364538965837,0.07491406622467192
ST-1313,서초구,720,0.06014922847832484,0.019178251167455238,0.07257520297219078
ST-1396,성북구,720,0.03888883125477134,0.03430390390899797,0.06792931696880132
ST-3216,서초구,720,0.054515286947241955,0.019116008686355112,0.057111384807863846
ST-74,마포구,720,0.024142385152353146,0.023275447481060738,0.03138986305266035
ST-996,은평구,720,0.022749821501484524,0.027995354980793134,0.02952816681172651
ST-618,UNKNOWN,720,0.024731955291494443,9.487285893249412e-05,0.02473882770106483
ST-1454,중랑구,720,0.01313147240294754,0.01213096289854959,0.017702419739698008
ST-380,중구,720,0.007319730090169163,0.0056342501772407814,0.012844546690903302
ST-2912,노원구,720,0.01100545478527208,0.003410029592492504,0.012255997704201523
ST-2389,강남구,720,0.005572409447988632,0.0077159930888617625,0.009624860303630921
ST-3431,종로구,384,0.004460364950108642,0.005424234859254783,0.009582593067860695
ST-1975,구로구,720,0.005231055817876744,0.004590671968379191,0.009262446619253007
ST-2426,강남구,552,0.010964590488488093,0.001856363540601886,0.009153191209082532
ST-695,동작구,720,0.004336028719131691,0.00439011073068003,0.008463620432099564
ST-3072,영등포구,552,0.006606099647699083,0.004801686789474851,0.006353941846940404
ST-2672,강남구,552,0.0018173367503133185,0.003924794249270177,0.005580336236431831
ST-2145,관악구,552,0.0014369206083009868,0.0037579724303209647,0.005194893038621952
ST-1657,노원구,552,0.002130076169308878,0.00199632951558347,0.0037596869628109563
ST-598,서초구,720,0.0015967351998468968,0.0014155225351178851,0.0030122577349647817
ST-1505,양천구,552,0.0009819779992870882,0.001982920777834134,0.002831305151409365
ST-499,강동구,720,0.0009972005049779988,0.0014981439216239247,0.002429481424854535
ST-2963,강남구,552,0.0006027027703406075,0.00186116390315332,0.0023997841689207162
ST-1137,강서구,552,0.004780829319909261,0.005474833579870032,0.001678041152707512
ST-301,종로구,720,1.5766518665822563e-06,0.0014045402935503398,0.0014040609603050804
ST-352,종로구,720,0.0019688470548319664,0.0013911938108802308,0.0005776532439517356
ST-3073,영등포구,552,5.2822361123324674e-23,1.3526534080277488e-05,1.3526534080277488e-05
ST-2670,강남구,384,5.2918227477450486e-23,5.2918227477450486e-23,0.0
